Type,Planned For,Filed Against,ID,Requirement Type,Summary,Severity,Customer Impact,State,Customer Name,Region,Tag,Owner,Priority,FMEA Total,Creation Date,Resolution date,Modification Time
Issue,Unassigned,DIAStudio/DIADesigner,581951,Anomaly,[JIRA] (程式編輯) [IABGVOC-2091] W3A 專案編譯時出現多筆 C0115 Overmapping 錯誤,Blocker,High,Review,陳嘉俊,IA Internal-IMSBU,"w3a, jira_voc_ims, devnetwork_ethercat_iomapping, devhardware_layout_moduletable_iomap, programming_compile",Unassigned,High,1000,2026/5/18 下午 3:02,,2026/5/18 下午 7:46
Issue,Designer Rev1.15.0 Plan,DIAStudio/DIADesigner,579103,Anomaly,[JIRA] (程式編輯) [IABGVOC-2014] LD中输出节点状态显示异常,Major,High,Review,郭德山,IA Internal-SC,"w3a, jira_voc_sc, step_control, programming_lang_ld_monitor, 1.15.0_initial",ELVIS.CT.CHANG 張錦宗,High,400,2026/4/29 下午 8:19,,2026/5/5 下午 6:04
Issue,Designer Rev1.14.0 Sprint2,DIAStudio/DIADesigner,579102,Anomaly,[JIRA] (程式編輯) [IABGVOC-2013] 及時刷新 LOG 狀態下關閉頁籤，在线仿真發生例外,Critical,High,Verification,郭德山,IA Internal-SC,"w3a, jira_voc_sc, step_control, deverrorinfo, 1.14.0_add",KAKA.WU 吳思言,High,600,2026/4/29 下午 8:15,,2026/5/13 下午 6:48
Issue,Designer Rev1.14.0 Sprint3,DIAStudio/DIADesigner,579098,Anomaly,[JIRA] (調適) [IABGVOC-1999] 示波器监控无曲线，无值，属于已知问题,Major,Medium,Closed,韓軼,IA Internal-SC,"jira_voc_dgc, oscilloscope, 1.14.0_initial, dgc_fae",JOHNNY.MC.YEH 葉明勳,High,240,2026/4/29 下午 6:59,2026/5/13 上午 11:04,2026/5/13 上午 11:08
Issue,Requirement Analysis Phase,DIAStudio/DIADesigner,579005,Anomaly,[JIRA] (程式編輯) [IABGVOC-1994] EXCEL导入MC_xxx FB的变量，但是在 LD 中引用该变数会再跳出宣告的视窗(会重复宣告),Major,Medium,Review,韓軼,DGC-China,"jira_voc_dgc, dgc_fae, programming_glovar, programming_lang_ld_edit",Unassigned,High,240,2026/4/29 下午 1:37,,2026/4/29 下午 1:37
Issue,Unassigned,DIAStudio/DIADesigner,579002,Anomaly,[JIRA] (專案編譯) [IABGVOC-1993] 下载时还会重新编译一次(实体机、模拟器需要智能判断),Major,Medium,Review,韓軼,DGC-China,"jira_voc_dgc, dgc_fae, downloaduploadmgr, programming_compile, op_key_issue",Unassigned,High,240,2026/4/29 下午 1:31,,2026/5/13 上午 9:13
Issue,Designer Rev1.15.0 Plan,DIAStudio/DIADesigner,578892,Anomaly,[JIRA] (程式編輯) [IABGVOC-1964] 梯形图下Axis1的轴变量无法将其他类似位置等变量列出，但是完全拼出后也是可以正常使用的,Major,Medium,Review,韓軼,DGC-China,"jira_voc_dgc, dgc_fae, programming_lang_ld, 1.15.0_initial, prog",HARVEY.XIE 謝孟軒,High,240,2026/4/28 下午 6:38,,2026/5/5 下午 4:14
Issue,Unassigned,DIAStudio/DIADesigner,578889,Anomaly,[JIRA] (硬體配置) [IABGVOC-1955] 重新安裝 COMMGR 後，每次在专案按了连线就会跳Exception,Critical,High,Review,韓軼,DGC-China,"jira_voc_dgc, dgc_fae, communication_setting, config",Unassigned,High,600,2026/4/28 下午 6:14,,2026/5/5 下午 4:16
Issue,Requirement Analysis Phase,DIAStudio/DIADesigner,578888,Anomaly,[JIRA] (網路配置) [IABGVOC-1958] EtherCAT 插入設備時彈出例外視窗,Critical,High,Review,韓軼,DGC-China,"jira_voc_dgc, dgc_fae, devnetwork_ethercat, config",Unassigned,High,240,2026/4/28 下午 6:07,,2026/5/5 下午 6:07
Issue,Designer Rev1.14.0 Sprint2,DIAStudio/DIADesigner,578885,Anomaly,[JIRA] (調適) [IABGVOC-1959] 示波器：轴监控选择Motion_Tag_Table.Axis_1.SetPosition显示报错（示波器）以及示波器直接从程序选用变量，会有报错提示,Major,Medium,Closed,韓軼,DGC-China,"jira_voc_dgc, dgc_fae, oscilloscope, w3a, escape",Unassigned,High,240,2026/4/28 下午 5:57,2026/5/4 上午 8:51,2026/5/18 下午 6:44
Issue,Designer Rev1.14.0 Sprint2,DIAStudio/DIADesigner,578880,Anomaly,[JIRA] (硬體配置) [IABGVOC-1965] 下方狀態列仿真器名称不符,Minor,Medium,Review & Approval,韓軼,DGC-China,"jira_voc_dgc, dgc_fae, communication_setting, escape, config, testcase_done, userstory_yes",XAVIERA.FAN 范珮欣,High,120,2026/4/28 下午 5:48,2026/5/12 下午 2:53,2026/5/12 下午 2:53
Issue,Designer Rev1.15.0 Plan,DIAStudio/DIADesigner,578046,Anomaly,[JIRA] (調適) [IABGVOC-1897] 功能块IN_OUT_PUT引脚状态无法展开监控,Major,High,Review,郭德山,IA Internal-SC,"w3a, jira_voc_sc, programming_monitable, step_control",Unassigned,High,400,2026/4/24 上午 8:39,,2026/5/6 下午 2:23
Issue,Unassigned,DIAStudio/DIADesigner,576719,Anomaly,[JIRA] (程式編輯) [IABGVOC-1902] 凸轮指令执行错误，用示波器抓取有错误，但是软体显示无错误,,,,,,Critical,,,,,,
Issue,Designer Rev1.14.0 Sprint3,DIAStudio/DIADesigner,576144,Anomaly,[JIRA] (調適) [IABGVOC-1888] 仿真模式，示波器上看不到波形图,Major,Medium,Review,韓軼,IA Internal-SC,"jira_voc_dgc, oscilloscope, 1.14.0_initial",JOHNNY.MC.YEH 葉明勳,High,240,2026/4/10 下午 5:49,,2026/5/13 上午 11:07
Issue,Designer Rev1.14.0 Sprint1,DIAStudio/DIADesigner,575987,Anomaly,[JIRA] (調適) [IABGVOC-1886] Designer示波器功能異常(Zoom in/Zoom out/調整最適合大小),Major,Medium,Closed,徐鳴揚,IA Internal-SC,"jira_voc_sc, oscilloscope",Unassigned,High,240,2026/4/10 下午 12:07,2026/4/21 上午 9:29,2026/5/6 下午 5:23
Issue,Designer Rev1.14.0 Sprint2,DIAStudio/DIADesigner,575845,Anomaly,[JIRA] (程式編輯) [IABGVOC-1870] 功能塊變數變更命名後，未自動同步修改至方法,Major,Medium,Review & Approval,潘誠,IA Internal-SC,"escape, jira_voc_sc, programming_lang_ld_edit, programming_lang_st_edit, 1.14.0_initial, issue2auto_todo, need_branch",HARVEY.XIE 謝孟軒,High,240,2026/4/9 下午 3:42,2026/5/15 上午 10:09,2026/5/15 上午 10:09
Issue,Designer Rev1.14.0 Sprint2,DIAStudio/DIADesigner,574868,Anomaly,[JIRA] (程式編輯) [IABGVOC-1840] ST Call FB.Method 後不應彈出新增變數至 Pou 的視窗,Major,Medium,Review & Approval,郭德山,IA Internal-SC,"w3a, jira_voc_sc, programming_lang_st_edit, step_control",KF.LIU 劉桂輔,High,240,2026/4/2 下午 2:21,2026/5/12 下午 2:24,2026/5/12 下午 2:24
Issue,Rev_ProductBacklog_DIADesigner,DIAStudio/DIADesigner,574859,Anomaly,[JIRA] (程式編輯) [IABGVOC-1839] 更新DIADesigner 1.13.0.66_Trial.exe版本後會出現找不到Library的錯誤,Major,High,Review,楊政達,IA Internal-IMSBU,"w3a, jira_voc_ims, librarymanager",Unassigned,High,400,2026/4/2 下午 1:49,,2026/4/21 下午 4:59
Issue,Designer Rev1.14.0 Sprint2,DIAStudio/DIADesigner,574683,Anomaly,[JIRA] (程式編輯) [IABGVOC-1831] 使用 DL_MC 底下的 ENUM 成員，線上監控數值與預期不符,Major,High,In Progress,辛昱錦,IA Internal-SC,"w3a, jira_voc_sc, programming_lang_st_monitor, 1.14.0_initial",HARVEY.XIE 謝孟軒,High,400,2026/4/1 下午 5:31,,2026/5/15 下午 3:08
Issue,Designer Rev1.13.0 Sprint2,DIAStudio/DIADesigner,574365,Anomaly,"[JIRA] (程式編輯) [IABGVOC-1829] ST Pou 在線監控程序時出現 ""未知序列錯誤""",Critical,High,Verification,郭德山,IA Internal-SC,"w3a, jira_voc_sc, programming_lang_st_monitor, need_mok_confirm, step_control",UNI.CHEN 陳軍宇,High,600,2026/3/31 下午 2:45,,2026/5/14 下午 7:18
Issue,Designer Rev1.13.0 Sprint2,DIAStudio/DIADesigner,572963,Anomaly,"[JIRA] (程式編輯) [IABGVOC-1794] ST 解析特定語法下出現例外錯誤 : ""序列未包含項目"" (支援ST語法機種都有)",Critical,High,Closed,郭德山,IA Internal-SC,"jira_voc_sc, escape, programming_lang_st_edit, step_control, userstory_yes, testcase_done",HARVEY.XIE 謝孟軒,High,600,2026/3/25 下午 3:04,2026/4/20 上午 11:35,2026/4/21 下午 6:12
Issue,Designer Rev1.14.0 Sprint2,DIAStudio/DIADesigner,572461,Anomaly,[JIRA] (程式編輯) [IABGVOC-1776] 程序区变量选中需要提示此变量的详细信息,Major,High,Review,郭德山,IA Internal-SC,"w3a, jira_voc_sc, programming_lang_st_edit, 1.14.0_initial, step_control",HARVEY.XIE 謝孟軒,High,400,2026/3/24 下午 1:54,,2026/4/20 下午 4:50
Issue,Designer Rev1.13.0 Sprint2,DIAStudio/DIADesigner,572460,Anomaly,[JIRA] (程式編輯) [IABGVOC-1770] 联合体/结构体没办法声明Array [*] OF Array [*] OF INT变量,Major,High,Review & Approval,郭德山,IA Internal-SC,"w3a, jira_voc_sc, programming_dut, step_control",JASON.JY.LIN 林峻宇,High,400,2026/3/24 下午 1:53,2026/4/23 上午 9:56,2026/4/23 上午 9:56
Issue,Designer Rev1.14.0 Sprint2,DIAStudio/DIADesigner,572385,Anomaly,[JIRA] (專案管理) [IABGVOC-1786] DIADesigner专案名字有写小数点的版本号时，如果另外档案，目前会把最后一个小数点的数值删除掉,Minor,Low,Review & Approval,陳會杰,IA Internal-SC,"w3a, jira_voc_sc, escape, diadesigner_file_save, configuration, 1.14.0_initial",NANCY.TC.YANG 楊采真,High,80,2026/3/24 上午 10:42,2026/5/15 上午 10:42,2026/5/15 上午 10:42
Issue,Designer Rev1.14.0 Sprint1,DIAStudio/DIADesigner,572382,Anomaly,"[JIRA] (程式編輯) [IABGVOC-1771] 結構體初始值設定後報錯: ""String数据类型无法兼容中文数据""",Major,High,In Progress,陳會杰,IA Internal-SC,"w3a, jira_voc_sc, 1.14.0_initial, escape, programming_glovar, step_control, need_branch",MIAO.CHEN 陳炫妙,High,400,2026/3/24 上午 10:31,,2026/5/8 下午 3:30
Issue,Designer Rev1.14.0 Sprint2,DIAStudio/DIADesigner,572378,Anomaly,[JIRA] (程式編輯) [IABGVOC-1768] 变量表初值设定错误后无法编辑,Critical,High,In Progress,郭德山,IA Internal-SC,"w3a, jira_voc_sc, programming_glovar, escape, 1.14.0_initial, step_control",MIAO.CHEN 陳炫妙,High,600,2026/3/24 上午 10:19,,2026/4/27 上午 10:28
Issue,Designer Rev1.14.0 Sprint1,DIAStudio/DIADesigner,572377,Anomaly,[JIRA] (程式編輯) [IABGVOC-1769] ARRAY[*] OF ARRAY[*] OF 2維以上的變量无法设定初始值,Critical,High,In Progress,郭德山,IA Internal-SC,"w3a, jira_voc_sc, programming_glovar, escape, 1.14.0_initial, step_control, need_branch",MIAO.CHEN 陳炫妙,High,600,2026/3/24 上午 10:12,,2026/5/8 下午 3:33
Issue,Designer Rev1.14.0 Plan,DIAStudio/DIADesigner,572367,Anomaly,[JIRA] (程式編輯) [IABGVOC-1762] 当使用者有开启：自动显示新增变量声明窗口时，理论上REF不算是要自动提醒的范畴，建议评估看是否取消REF的自动提示；,Minor,Medium,Review,陳會杰,IA Internal-SC,"w3a, jira_voc_sc, escape, programming_lang_st_edit",HARVEY.XIE 謝孟軒,High,120,2026/3/24 上午 9:43,,2026/4/9 上午 10:46
Issue,Designer Rev1.14.0 Sprint2,DIAStudio/DIADesigner,572356,Anomaly,[JIRA] (程式編輯) [IABGVOC-1766] 变量表数据导入变量类型异常删除,Major,High,Review & Approval,郭德山,IA Internal-SC,"w3a, jira_voc_sc, programming_glovar, escape, 1.14.0_initial",ORLANDO.LAN 藍順騰,High,400,2026/3/24 上午 8:50,2026/4/29 上午 10:12,2026/4/29 上午 10:12
Issue,Unassigned,DIAStudio/DIADesigner,571907,Anomaly,[JIRA] (專案管理) [IABGVOC-1750] DIA Designer多次開啟project後，每個動作執行時等待時間會增加,Major,High,Review,楊政達,IA Internal-IMSBU,"escape, jira_voc_ims, efficacy, diadesigner_file_load",Unassigned,High,400,2026/3/20 上午 10:37,,2026/3/20 下午 1:51
Issue,Designer Rev1.14.0 Plan,DIAStudio/DIADesigner,565374,Anomaly,[JIRA] (程式編輯) [IABGVOC-1608] DIADesigner 程式區資料夾拖拉功能有機率失敗,Major,Medium,Review,陳會杰,IA Internal-SC,"w3a, jira_voc_sc, programming, escape",ERNO.LIEN 連爾諾,Medium,144,2026/2/9 上午 10:52,,2026/3/25 下午 1:34
Issue,Designer Rev1.12.0 Sprint3,DIAStudio/DIADesigner,564366,Anomaly,[JIRA] (硬體配置) [IABGVOC-1578] EtherCAT 從站掃描後的替換拓樸視窗 X 按鈕功能異常,Major,Medium,Closed,辛昱錦,IA Internal-SC,"jira_voc_sc, w3a, escape, devnetwork_ethercat",WILLIAM.HC.SHEN 沈桓慶,High,240,2026/2/2 下午 2:12,2026/2/4 下午 6:42,2026/5/8 下午 1:38
Issue,Requirement Analysis Phase,DIAStudio/DIADesigner,563431,Anomaly,[JIRA] (調適) [IABGVOC-1532] 示波器保存的波形重新打开后发现显示的波形和我们点击的不符，比如命令速度实际上是命令位置,Critical,High,Review,辛昱錦,IA Internal-SC,"w3a, jira_voc_sc, oscilloscope, te_track, 德馬泰克",Unassigned,High,600,2026/1/28 下午 12:30,,2026/3/12 上午 10:36
Issue,Requirement Analysis Phase,DIAStudio/DIADesigner,562353,Anomaly,[JIRA] (調適) [IABGVOC-1506] 示波器由A专案保存，开启B专案后打开示波器后部分变量无法监控到，重启开启关闭示波器也不行,Critical,High,Review,辛昱錦,IA Internal-SC,"w3a, jira_voc_sc, oscilloscope, configuration, te_track, 德馬泰克",Unassigned,High,600,2026/1/23 上午 8:16,,2026/3/12 上午 10:36
Issue,Designer Rev1.13.0 Sprint2,DIAStudio/DIADesigner,562265,Anomaly,[JIRA] (調適) [IABGVOC-1503] 德马泰克现场示波器如果打开保存好的波形后再继续进行监控的时候会出现无法监控的情况，必须重新建立变量才行,Blocker,High,Closed,辛昱錦,IA Internal-SC,"w3a, jira_voc_sc, oscilloscope, configuration, 1.13.0_initial, te_track, userstory_yes, 德馬泰克",JOHNNY.MC.YEH 葉明勳,High,1000,2026/1/22 下午 4:09,2026/3/10 上午 11:12,2026/4/21 下午 6:12
Issue,Designer Rev1.13.0 Sprint2,DIAStudio/DIADesigner,561437,Anomaly,[JIRA] (程式編輯) [IABGVOC-1479] DIADesigner导入CSV功能，当出现一次提示：包含保留字，请重新命名后，再次导入正常的CSV会提示：文件导入失败,Critical,Medium,Closed,陳會杰,IA Internal-SC,"w3a, jira_voc_sc, escape, programming_variabletable, issue2auto_todo, 1.13.0_initial, userstory_yes",ORLANDO.LAN 藍順騰,High,360,2026/1/19 下午 4:51,2026/3/12 上午 10:48,2026/4/21 下午 6:12
Issue,Designer Rev1.13.0 Sprint2,DIAStudio/DIADesigner,561272,Anomaly,[JIRA] (程式編輯) [IABGVOC-1461] 程序区變量監控格顯示為空,Blocker,High,Closed,郭德山,IA Internal-SC,"w3a, jira_voc_sc, programming_lang_st_monitor, escape, 1.13.0_initial, userstory_yes, step_control",STEWARD.LU 呂名峰,High,1000,2026/1/19 上午 10:23,2026/3/10 上午 11:42,2026/5/14 下午 7:18
Issue,Designer Rev1.13.0 Sprint2,DIAStudio/DIADesigner,560402,Anomaly,[JIRA] (調適) [IABGVOC-1457] 示波器無法監控帶有變數表名稱前綴的全域變數,Major,Medium,Closed,陳會杰,IA Internal-SC,"jira_voc_sc, oscilloscope, w3a, escape, issue2auto_todo, configuration, 1.13.0_initial, userstory_yes",JOHNNY.MC.YEH 葉明勳,High,240,2026/1/15 下午 12:16,2026/3/13 下午 4:00,2026/4/21 下午 6:12
Issue,Designer Rev1.12.0 Sprint3,DIAStudio/DIADesigner,560108,Anomaly,[JIRA] (硬體配置) [IABGVOC-1449] 重複新增、刪除 EtherCAT 從站 or DM 軸配置後編譯出現 C0115 錯誤,Critical,High,Closed,辛昱錦,IA Internal-SC,"w3a, jira_voc_sc, devnetwork_ethercat, devhardware, escape, userstory_yes, testcase_done",HENRY.DENG 鄧亨禮,High,600,2026/1/14 上午 11:33,2026/1/23 上午 10:05,2026/4/21 下午 6:15
Issue,Designer Rev1.14.0 Plan,DIAStudio/DIADesigner,558369,Anomaly,[JIRA] (程式編輯) [IABGVOC-1412] ST 特定語法結構下，導致變數同步修改功能異常,Major,Medium,Review,楊政達,IA Internal-IMSBU,"escape, programming_lang_st_edit, jira_voc_ims",ORLANDO.LAN 藍順騰,High,240,2026/1/6 上午 10:59,,2026/4/7 下午 7:11
Issue,Designer Rev1.12.0 Sprint3,DIAStudio/DIADesigner,556328,Anomaly,[JIRA] (運動控制) [IABGVOC-1380] Direction脚位和BufferMode脚位在线监控时显示英文名称，鼠标拖拽编程窗口后，又变成显示数字。,Minor,Medium,Closed,韓軼,IA Internal-SC,"programming_lang_ld_monitor, escape, 1.12.0_add, jira_voc_sc, userstory_yes",ELVIS.CT.CHANG 張錦宗,High,120,2025/12/22 下午 6:41,2026/1/15 下午 2:18,2026/5/14 下午 7:18
Issue,Designer Rev1.12.0 Sprint3,DIAStudio/DIADesigner,555651,Anomaly,[JIRA] (專案管理) [IABGVOC-1376] 專案儲存失敗，視窗提示：System.OutOfMemoryException' was thrown,Critical,High,Closed,陳嘉俊,IA Internal-IMSBU,"w3a, jira_voc_ims, diadesigner_file_save, 1.12.0_add, userstory_yes, testcase_done, issue2auto_todo",HARVEY.XIE 謝孟軒,High,360,2025/12/17 下午 7:01,2026/1/12 下午 5:12,2026/4/21 下午 6:15
Issue,Designer Rev1.14.0 Plan,DIAStudio/DIADesigner,554981,Anomaly,[JIRA] (專案管理) [IABGVOC-1361] DIADesigner变量处复制某一个变量名称，然后点击了其他行变量，再想粘贴之前的内容，无法粘贴,Minor,Low,Review,陳會杰,IA Internal-SC,"jira_voc_sc, w3a, diadesigner_edit_searchreplace, escape",ORLANDO.LAN 藍順騰,High,80,2025/12/15 下午 1:34,,2026/2/9 上午 8:53
Issue,Designer Rev1.12.0 Sprint3,DIAStudio/DIADesigner,554959,Anomaly,[JIRA] (程式編輯) [IABGVOC-1362] 在变量处右键：跳转到寄存器使用状况，会弹出报错：未将对象引用设置到对象的实例,Critical,High,Closed,陳會杰,IA Internal-SC,"jira_voc_sc, w3a, programming_lang_st_edit, escape, 1.12.0_add, userstory_yes, testcase_done",LUCIAN.LS.OUYANG 歐陽龍祥,High,600,2025/12/15 下午 1:10,2026/1/7 下午 7:59,2026/4/21 下午 6:15
Issue,Designer Rev1.13.0 Sprint1,DIAStudio/DIADesigner,554043,Anomaly,[JIRA] (調適) [IABGVOC-1343] 快速連線按鈕連線成功後，示波器執行按鈕狀態仍為Disable,Major,Medium,Closed,楊政達,IA Internal-IMSBU,"jira_voc_ims, w3a, oscilloscope, 1.13.0_initial, configuration, userstory_yes",JOHNNY.MC.YEH 葉明勳,High,240,2025/12/8 下午 5:44,2026/3/3 上午 9:07,2026/4/21 下午 6:12
Issue,Designer Rev1.13.0 Sprint1,DIAStudio/DIADesigner,552914,Anomaly,[JIRA] (程式編輯) [IABGVOC-1308] Designer 寫IF判斷式後會變更變數名稱 f 變 F,Major,Medium,Closed,楊政達,IA Internal-IMSBU,"jira_voc_ims, w3a, programming_lang_st_edit, 1.13.0_initial, userstory_yes, testcase_done",MIAO.CHEN 陳炫妙,High,240,2025/12/2 上午 9:43,2026/3/11 下午 2:53,2026/4/21 下午 6:12
Issue,Designer Rev1.12.0 Sprint3,DIAStudio/DIADesigner,552265,Anomaly,[JIRA] (調適) [IABGVOC-1304] 1.11.0.189 版本示波器使用過程中發生閃退,Critical,High,Closed,何平,IA Internal-SC,"jira_voc_sc, oscilloscope, w3a, 1.12.0_add",JOHNNY.MC.YEH 葉明勳,High,120,2025/11/27 下午 1:14,2026/3/17 下午 2:56,2026/4/21 下午 6:15
Issue,Designer Rev1.12.0 Sprint3,DIAStudio/DIADesigner,552263,Anomaly,[JIRA] (調適) [IABGVOC-1301] 示波器運行中顯示的數值與停止時顯示的數值不同,Major,High,Closed,楊政達,IA Internal-IMSBU,"jira_voc_ims, w3a, oscilloscope, 1.12.0_add, userstory_yes, configuration",JOHNNY.MC.YEH 葉明勳,High,400,2025/11/27 下午 1:01,2026/3/3 上午 11:34,2026/4/21 下午 6:15
Issue,Unassigned,DIAStudio/DIADesigner,552260,Anomaly,[JIRA] (調適) [IABGVOC-1295] DIADesigner 1.12.0.27_Trial版本示波器無法紀錄PLC Variable,Major,High,Closed,楊政達,IA Internal-IMSBU,"jira_voc_ims, w3a, oscilloscope",Unassigned,High,400,2025/11/27 下午 12:51,2025/11/27 下午 12:51,2025/11/27 下午 12:51
Issue,Designer Rev1.13.0 Sprint2,DIAStudio/DIADesigner,551477,Anomaly,[JIRA] (調適) [IABGVOC-1290] DIADesigner Scope 無法使用二維參數,Major,Medium,Closed,吳宗庭,IA Internal-IMSBU,"jira_voc_ims, w3a, oscilloscope, 1.12.0_add, userstory_yes, configuration, 1.13.0_initial, testcase_done",JOHNNY.MC.YEH 葉明勳,High,240,2025/11/24 下午 3:03,2026/4/21 下午 4:55,2026/4/22 下午 3:09
Issue,Designer Rev1.12.0 Sprint2,DIAStudio/DIADesigner,551258,Anomaly,[JIRA] (程式編輯) [IABGVOC-1289] DIADesigner 1.12.0.27_Trial版本無法對自定義TPYE配置Address，前一版可以,Critical,High,Closed,楊政達,IA Internal-IMSBU,"jira_voc_ims, w3a, programming_glovar",Unassigned,High,600,2025/11/21 下午 5:40,2025/11/25 下午 4:58,2026/5/8 下午 5:08
Issue,Designer Rev1.12.0 Sprint3,DIAStudio/DIADesigner,549175,Anomaly,[JIRA] (運動控制) [IABGVOC-1259] 轴配置传动机制设置页面，轴样式设置选择线性轴，机构类型包括丝杆和皮带轮，轴样式设置选择旋转轴，机构类型包括圆盘，但是有机会线性轴时选择到圆盘，旋转轴时选择到丝杆和皮带轮,Major,Medium,Closed,韓軼,IA Internal-SC,"motion_axisset, 1.12.0_initial, jira_voc_sc, userstory_yes, testcase_done",JACKY.TU 杜寧,High,240,2025/11/10 下午 1:35,2025/12/29 下午 5:12,2026/4/21 下午 6:15
Issue,Designer Rev1.13.0 Sprint2,DIAStudio/DIADesigner,548867,Anomaly,[JIRA](調適) [IABGVOC-1246] DIA Designer示波器能錄4CH、16KHZ、32bit，但ASDA_SOFT可以錄8CH、16KHZ、32bit,Major,High,Review & Approval,楊政達,IA Internal-IMSBU,"oscilloscope, w3a, 1.12.0_add, userstory_yes, 1.13.0_initial, testcase_done",JENNY.HY.CHEN 陳湘筠,High,400,2025/11/7 上午 12:53,2026/4/24 下午 3:50,2026/4/24 下午 4:16
Issue,Unassigned,DIAStudio/DIADesigner,548866,Anomaly,[JIRA](調適) [IABGVOC-1248] 重開DIA Designer，示波器PLC Variable的通道會變紅色，需重新輸入,Major,Medium,Closed,楊政達,IA Internal-IMSBU,"oscilloscope, w3a",Unassigned,High,240,2025/11/7 上午 12:34,2025/11/10 下午 2:39,2025/11/10 下午 2:54
Issue,Designer Rev1.14.0 Sprint1,DIAStudio/DIADesigner,547507,Anomaly,[JIRA] (運動控制) [IABGVOC-1227] 傳動機制參數設定欄位，沒有按下 Enter 鍵單獨脫離 Focus 不會觸發檢查機制,Critical,High,Review & Approval,辛昱錦,IA Internal-SC,"jira_voc_sc, w3a, motion_axisset, escape, 1.14.0_initial, userstory_yes, testcase_done",JACKY.TU 杜寧,High,600,2025/10/31 上午 11:34,2026/4/21 下午 12:20,2026/5/8 下午 3:30
Issue,Designer Rev1.12.0 Sprint1,DIAStudio/DIADesigner,547505,Anomaly,[JIRA] (網路配置) [IABGVOC-1226] 專案複製后新增DM或者外擴軸時會報錯IO地址分配錯誤，按RD意思刪掉之前舊的DM和外擴，但重新添加后依舊會報錯，此問題已經影響進度，麻煩儘快解決,Blocker,High,Closed,辛昱錦,IA Internal-SC,"jira_voc_sc, w3a, devnetwork_ethercat_iomapping, escape, userstory_yes, testcase_done, 1.12.0_add, issue2auto_todo",JEAN.LC.WANG 王儷臻,High,1000,2025/10/31 上午 11:20,2025/12/2 下午 12:46,2026/5/11 上午 11:27
Issue,Unassigned,DIAStudio/DIADesigner,546851,Anomaly,[JIRA] (調適) [IABGVOC-1221] 示波器监控PLC变量，想要监控BufferMode模式（0~5），示波器监控项目添加BufferMode变量，启用后，开启示波器，所有监控变量均不显示，取消启用后，其他监控变量可以正常显示 告等参数，读出的结果也和计算结果相同,Major,Medium,Closed,韓軼,IA Internal-SC,"oscilloscope, jira_voc_sc",Unassigned,High,240,2025/10/28 上午 9:45,2025/11/10 下午 12:55,2025/12/29 上午 10:02
Issue,Designer Rev1.13.0 Sprint1,DIAStudio/DIADesigner,545884,Anomaly,[JIRA] (專案管理) [IABGVOC-1210] W3A.pkg-0.3.7.0-6761412前一版本已安裝過但DIADesigner更新後須再更新一次W3A.pkg-0.3.7.0-6761412,Major,Medium,Closed,楊政達,IA Internal-IMSBU,"jira_voc_ims, w3a, 1.12.0_initial, userstory_yes, 1.13.0_initial",JEAN.LC.WANG 王儷臻,High,240,2025/10/21 上午 9:50,2026/2/23 上午 10:26,2026/4/21 下午 6:12
Issue,Designer Rev1.11.0 Sprint3,DIAStudio/DIADesigner,544096,Anomaly,[JIRA] (模組編輯) [IABGVOC-1204] 在修改PLC的 Controller参数编辑器时弹出例外視窗,Critical,Low,Closed,陳會杰,IA Internal-SC,"jira_voc_sc, parameter_editor, w3a",ARCHIE.YANG 楊浩群,Medium,48,2025/10/9 上午 10:51,2025/11/5 下午 4:35,2025/11/26 上午 9:38
Issue,Unassigned,DIAStudio/DIADesigner,543877,Anomaly,[JIRA] (專案管理) [IABGVOC-1203] DIADesigner打開專案發生錯誤，程式內容全消失,Critical,Medium,Closed,陳嘉俊,IA Internal-SC,"jira_voc_ims, diadesigner_file_load, w3a",Unassigned,High,360,2025/10/7 下午 3:54,2025/10/14 上午 9:50,2025/10/16 下午 1:21
Issue,Designer Rev1.11.0 Sprint3,DIAStudio/DIADesigner,543531,Anomaly,[JIRA] (調適) [IABGVOC-1199] DIA Designer示波器無法使用,Blocker,High,Closed,楊政達,IA Internal-IMSBU,"jira_voc_ims, oscilloscope, w3a",JOHNNY.MC.YEH 葉明勳,High,1000,2025/10/3 上午 8:36,2025/10/22 上午 10:12,2025/10/30 下午 5:19
Issue,Designer Rev1.12.0 Sprint3,DIAStudio/DIADesigner,543401,Anomaly,[JIRA] (專案管理) [IABGVOC-1156] [W3A] DIADesigner傳輸專案跳Download Failure,Blocker,High,Closed,施明和,IA Internal-IMSBU,"jira_voc_ims, downloaduploadmgr, efficacy, w3a, 1.12.0_initial, userstory_yes, testcase_done, escape",WILLIAM.HC.SHEN 沈桓慶,High,400,2025/10/2 上午 9:35,2026/2/4 上午 10:08,2026/4/21 下午 6:16
Issue,Designer Rev1.12.0 Sprint2,DIAStudio/DIADesigner,541990,Anomaly,[JIRA] (程式編輯) [IABGVOC-1186] MC_MoveVelocity和MC_MoveAbsolute功能块，修改Direction脚位数值时，BufferMode脚位数值会受影响。,Critical,High,Closed,韓軼,IA Internal-SC,"programming_lang_ld_monitor, 1.12.0_initial, issue2auto_todo, escape, userstory_yes, testcase_done, jira_voc_sc",ELVIS.CT.CHANG 張錦宗,High,600,2025/9/23 下午 5:12,2025/12/22 上午 10:11,2026/5/14 下午 7:18
Issue,Designer Rev1.12.0 Sprint1,DIAStudio/DIADesigner,541982,Anomaly,[JIRA] (程式編輯) [IABGVOC-1189] MC_DigitalCamSwitch功能块，自动生成变量，编译报错。,Major,Medium,Closed,韓軼,IA Internal-SC,"programming_glovar, 1.12.0_initial, issue2auto_todo, userstory_yes, escape, testcase_done, jira_voc_sc",LUCIAN.LS.OUYANG 歐陽龍祥,High,240,2025/9/23 下午 5:01,2025/12/8 下午 4:29,2026/4/21 下午 6:16
Issue,Designer Rev1.12.0 Sprint3,DIAStudio/DIADesigner,541239,Anomaly,[JIRA] (程式編輯) [IABGVOC-1183] [W3A] Designer bool變數配置Address，執行時狀態會顯示TO DO,Major,High,Closed,楊政達,IA Internal-IMSBU,"programming_lang_st_monitor, jira_voc_ims, 1.12.0_initial, userstory_yes, testcase_done",KF.LIU 劉桂輔,High,400,2025/9/19 上午 9:21,2026/1/8 下午 3:35,2026/5/14 下午 7:18
Issue,Designer Rev1.12.0 Sprint1,DIAStudio/DIADesigner,540979,Anomaly,[JIRA] (調適) [IABGVOC-1182] 開啟示波器過程中軟體會偶發閃退問題,Critical,High,Closed,辛昱錦,IA Internal-SC,"jira_voc_sc, oscilloscope, w3a, 1.12.0_initial, escape, userstory_yes, testcase_done",JOHNNY.MC.YEH 葉明勳,High,120,2025/9/18 上午 9:45,2026/3/17 下午 2:58,2026/4/21 下午 6:16
Issue,Designer Rev1.15.0 Plan,DIAStudio/DIADesigner,538366,Anomaly,[JIRA] (程式編輯) [IABGVOC-2032] Ladder Expression 輸出接點狀態顯示異常 (Online Monitor Phase2),Critical,High,Review,One SW; 郭德山,IA Internal-SC,"programming_lang_ld_monitor, w3a, 1.12.0_add, jira_voc_sc, step_control",UNI.CHEN 陳軍宇,High,600,2025/9/3 下午 2:37,,2026/5/8 上午 9:29
Issue,Designer Rev1.12.0 Sprint1,DIAStudio/DIADesigner,535689,Anomaly,[JIRA] (專案管理) [IABGVOC-1116] %IX0.0被占用了，但是搜索程序未设置%IX0.0，怀疑是软件搜索功能不健全的问题，硬件占用未体现,Blocker,High,Closed,趙俊明,DGC-China,"jira_voc_dgc, 1.12.0_add, issue2auto_todo, userstory_yes, diadesigner_edit_searchreplace, testcase_done",KF.LIU 劉桂輔,High,1000,2025/8/19 上午 9:48,2026/1/7 下午 7:49,2026/4/21 下午 6:16
Issue,Designer Rev1.11.0 Sprint3,DIAStudio/DIADesigner,535245,Anomaly,[JIRA](調適) [IABGVOC-1132] 在Monitor Table的修改值欄位輸入值並按兩下Enter，重新下載後變數值會變成修改值,Critical,High,Closed,鄧亨禮,IA Internal-CoreTech,"jira_voc_mok, programming_monitable, 1.11.0_add, issue2auto_done, issue2auto_todo, w3a",STEWARD.LU 呂名峰,High,600,2025/8/15 上午 9:27,2025/10/29 下午 6:11,2026/1/12 下午 7:08
Issue,Unassigned,DIAStudio/DIADesigner,534067,Anomaly,[JIRA] (程式編輯) [IABGVOC-1119] 问题：在Online模式下控制扩充模块，新增监控表-情况1：监控变量（空白）情况2：监控寄存器%QB53(报错未将对象引用设置到对象的实例) - JIRA of Delta Electronics,Blocker,High,Closed,趙俊明,DGC-China,"jira_voc_dgc, programming_var_ecat, w3a",Unassigned,High,1000,2025/8/12 上午 9:28,2025/8/12 上午 9:48,2025/10/16 下午 1:20
Issue,Designer Rev1.11.0 Sprint3,DIAStudio/DIADesigner,533939,Anomaly,[JIRA] (網路配置) [IABGVOC-1117] 问题：添加ASRTU-EC16AP1TA+06XA+16AP模块-设定AIO模块的输出通道模式-输出通道无法更改为0-10V - JIRA of Delta Electronics,Blocker,High,Closed,趙俊明,DGC-China,"jira_voc_dgc, devnetwork_ethercat, issue2auto_todo",WILLIAM.HC.SHEN 沈桓慶,High,1000,2025/8/11 下午 4:22,2025/9/1 上午 9:15,2026/1/12 下午 7:07
Issue,Unassigned,DIAStudio/DIADesigner,533858,Anomaly,"[JIRA] (硬體配置) [IABGVOC-1113] DIADesigner软件-新旧软件升级后，原能用程序，报错0X1000, 变量APP1不可删除及修改 - JIRA of Delta Electronics",Blocker,High,Closed,趙俊明,DGC-China,"jira_voc_dgc, devhardware_layout, w3a",Unassigned,High,1000,2025/8/11 下午 2:48,2025/8/15 上午 9:35,2025/10/16 下午 1:20
Issue,Designer Rev1.11.0 Sprint2,DIAStudio/DIADesigner,530775,Anomaly,[JIRA] (模組編輯) [IABGVOC-1091] DIADesigner 1.11.0.31_Trial设置的断电保持区结束地址，软件关闭之后，会恢复原默认值,Blocker,High,Closed,陳會杰,IA Internal-SC,"parameter_editor, jira_voc_sc",ARCHIE.YANG 楊浩群,High,1000,2025/7/29 上午 11:12,2025/8/13 上午 11:10,2025/10/30 下午 5:20
Issue,Unassigned,DIAStudio/DIADesigner,530171,Anomaly,[JIRA] (專案管理) [IABGVOC-1079] 把軟件從：DIADesigner 1.10.0.93退回到：DIADesigner 1.9.0.39 SP4_Trial版本_專案程序打開提示錯誤：文件内容损坏,Critical,High,Closed,陳會杰,IA Internal-SC,"jira_voc_sc, diadesigner_file_load",Unassigned,High,600,2025/7/24 下午 1:47,2025/9/23 上午 9:24,2025/9/23 上午 9:24
Issue,Designer Rev1.14.0 Sprint2,DIAStudio/DIADesigner,528538,Anomaly,[JIRA] (程式編輯) [IABGVOC-1054] DIADesigner软件上传W3A程序及配置无法上传,Major,Medium,Verification,趙俊明,DGC-China,"jira_voc_dgc, 1.14.0_initial",ARCHIE.YANG 楊浩群,High,240,2025/7/18 上午 10:11,,2026/5/13 下午 2:54
Issue,Designer Rev1.12.0 Sprint3,DIAStudio/DIADesigner,528535,Anomaly,[JIRA] (程式編輯) [IABGVOC-1056] MC_CamTableSelect指令里camts_CamPoints自动生成的ANY为不合法的数据类型,Major,Medium,Closed,趙俊明,DGC-China,"jira_voc_dgc, 1.12.0_initial, issue2auto_todo, userstory_yes, testcase_done, issue_reject",ELVIS.CT.CHANG 張錦宗,High,240,2025/7/18 上午 10:08,2026/1/19 下午 1:59,2026/4/21 下午 6:16
Issue,Designer Rev1.14.0 Sprint2,DIAStudio/DIADesigner,528531,Anomaly,[JIRA] (程式編輯) [IABGVOC-1058] 功能块实例必须自己手敲，才会确认，不智能，应该可以自己自动代入,Major,Medium,In Progress,趙俊明,DGC-China,"jira_voc_dgc, 1.14.0_initial",LUCIAN.LS.OUYANG 歐陽龍祥,High,240,2025/7/18 上午 10:06,,2026/5/12 下午 2:14
Issue,Designer Rev1.11.0 Sprint1,DIAStudio/DIADesigner,528236,Anomaly,[JIRA] (模組編輯) [IABGVOC-1067] 程序区变量监控遇到ARRAY [*] OF BYTE数组导致后面程序无法监控,Blocker,High,Closed,郭德山,IA Internal-SC,"jira_voc_sc, programming_lang_st_monitor, 1.11.0_add, issue2auto_todo, w3a, step_control",KF.LIU 劉桂輔,High,1000,2025/7/17 上午 9:07,2025/7/24 上午 10:29,2026/5/14 下午 7:18
Issue,Designer Rev1.12.0 Sprint3,DIAStudio/DIADesigner,527679,Anomaly,[JIRA] (模組編輯) [IABGVOC-1061] VAR RETAIN/RETAIN_M 問題反饋 (3/3),,,,,,Critical,,,,,,
Issue,Designer Rev1.11.0 Sprint1,DIAStudio/DIADesigner,527569,Anomaly,[JIRA] (程式編輯) [IABGVOC-1063] ST POU 內的監控格失效 (3/3),Critical,High,Closed,陳威仲,IA Internal-CoreTech,"jira_voc_mok, programming_lang_st_monitor, 1.11.0_initial, te_checked, issue2auto_manual",KF.LIU 劉桂輔,High,600,2025/7/14 下午 4:55,2025/7/23 上午 10:12,2026/1/12 下午 7:07
Issue,Designer Rev1.12.0 Sprint3,DIAStudio/DIADesigner,524836,Anomaly,[JIRA] (程式編輯) [IABGVOC-1015] FC函数调用POU区经常提示相关引脚变量未声明,Major,Medium,Closed,郭德山,IA Internal-SC,"jira_voc_sc, programming_lang_st_edit, te_checked, 1.12.0_initial, userstory_yes, testcase_done, step_control",KF.LIU 劉桂輔,High,240,2025/7/1 上午 11:41,2026/1/8 下午 2:19,2026/4/21 下午 6:16
Issue,Designer Rev1.12.0 Sprint1,DIAStudio/DIADesigner,523637,Anomaly,[JIRA] (調適) [IABGVOC-1000] 结构体的成员用右键添加到示波器变量通道，开启示波器时会提示错误,Major,Medium,Closed,陳會杰,IA Internal-SC,"jira_voc_sc, oscilloscope, 1.12.0_initial, escape, userstory_yes",JOHNNY.MC.YEH 葉明勳,High,240,2025/6/19 上午 10:33,2025/12/10 下午 2:38,2026/5/8 下午 3:44
Issue,Designer Rev1.12.0 Sprint1,DIAStudio/DIADesigner,523307,Anomaly,[JIRA] (程式編輯) [IABGVOC-997] 不同的操作手順，建立的数组上升沿功能：比如：若带DL_Corner.会编译报错 - JIRA of Delta Electronics,Minor,Low,Closed,陳會杰,IA Internal-SC,"jira_voc_sc, programming_variabletable, 1.12.0_initial, userstory_yes, testcase_done",HARVEY.XIE 謝孟軒,High,80,2025/6/17 下午 5:33,2025/12/12 下午 1:36,2026/4/21 下午 6:16
Issue,Designer Rev1.13.0 Sprint2,DIAStudio/DIADesigner,522471,Anomaly,[JIRA] (程式編輯) [IABGVOC-977] 与设备断线后软体还显示在线状态,Major,Low,In Progress,郭德山,IA Internal-SC,"jira_voc_sc, 1.12.0_initial, plan1.13.0, 1.13.0_initial, w3a, userstory_yes, testcase_done, communication_setting",XAVIERA.FAN 范珮欣,Medium,64,2025/6/12 上午 9:40,,2026/5/8 下午 5:52
Issue,Designer Rev1.14.0 Sprint1,DIAStudio/DIADesigner,522213,Anomaly,[JIRA] (程式編輯) [IABGVOC-975] 線上監控有時監控數值會為空，但斷電重啟後則可正常監控,Critical,Medium,Review & Approval,郭德山,IA Internal-SC,"jira_voc_sc, programming_lang_st_monitor, te_checked, escape, te_track, 1.14.0_initial, userstory_yes, testcase_done",STEWARD.LU 呂名峰,Medium,144,2025/6/11 上午 10:51,2026/4/22 下午 4:42,2026/4/22 下午 4:42
Issue,Designer Rev1.13.0 Sprint1,DIAStudio/DIADesigner,520961,Anomaly,[JIRA] (專案管理) [IABGVOC-965] 软件关闭时出现：无效的窗口句柄_页面无法关闭,Critical,Low,Closed,陳會杰,IA Internal-SC,"diadesigner_file_save, jira_voc_sc, efficacy, jy_todo, issue2auto_todo, te_track",JASON.JY.LIN 林峻宇,Medium,48,2025/6/5 上午 9:26,2026/3/17 上午 9:43,2026/5/8 下午 4:50
Issue,Designer Rev1.13.0 Sprint2,DIAStudio/DIADesigner,520738,Anomaly,[JIRA] (程式編輯) [IABGVOC-961] POU中添加函数，函数引脚无赋值符，引脚无相关说明,Major,High,Closed,郭德山,IA Internal-SC,"programming_lang_st_edit, jira_voc_sc, te_checked, 1.11.0_initial, issue2auto_todo, 1.12.0_initial, userstory_yes, testcase_done, step_control",KF.LIU 劉桂輔,High,400,2025/6/4 上午 9:03,2026/3/13 上午 10:42,2026/4/21 下午 6:12
Issue,Designer Rev1.11.0 Sprint3,DIAStudio/DIADesigner,519064,Anomaly,[JIRA] (調適) [IABGVOC-611] 示波器采样频率选择不对，启动示波器时无法抓取数据，且无任何提示,Critical,Medium,Closed,郭德山,IA Internal-SC,"jira_voc_sc, oscilloscope, te_checked, plan1.11.0, 1.11.0_initial, issue2auto_manual",JOHNNY.MC.YEH 葉明勳,High,360,2025/5/23 下午 5:12,2025/9/3 上午 10:12,2025/10/30 下午 5:21
Issue,Unassigned,DIAStudio/DIADesigner,518088,Anomaly,[JIRA] (程式編輯) [IABGVOC-935] online之後，數值都呈現空白,Critical,High,Closed,蔡弘晉,IA Internal-CoreTech,"programming_lang_st_monitor, jira_voc_mok, te_checked",KF.LIU 劉桂輔,High,360,2025/5/20 下午 5:50,2025/6/19 下午 5:45,2026/5/14 下午 7:08
Issue,Designer Rev1.12.0 Sprint1,DIAStudio/DIADesigner,517956,Anomaly,[JIRA] (專案管理) [IABGVOC-933] 有勾选上下载完成后自动关闭，偶尔出现对话框没有关闭,Minor,Remote,Closed,陳會杰,IA Internal-SC,"downloaduploadmgr, jira_voc_sc, 1.12.0_initial, escape, userstory_yes, testcase_done",JOHNNY.MC.YEH 葉明勳,High,40,2025/5/20 下午 1:11,2025/12/15 下午 2:26,2026/4/21 下午 6:16
Issue,Designer Rev1.12.0 Sprint3,DIAStudio/DIADesigner,517915,Anomaly,[JIRA] (運動控制) [IABGVOC-931] 轴组态界面位置显示精度设定默认值,Minor,Low,Closed,郭德山,IA Internal-SC,"motion_axisset, jira_voc_sc, 1.12.0_initial, userstory_yes, testcase_done, step_control",JACKY.TU 杜寧,High,40,2025/5/20 上午 11:30,2025/12/29 下午 2:22,2026/5/13 下午 4:55
Issue,Designer Rev1.12.0 Sprint2,DIAStudio/DIADesigner,517303,Anomaly,[JIRA] (硬體配置) [IABGVOC-184] Issue 397353 - R2-EC0902模块，选择连接变量，目前只能通过新增变量的方式，不能选择既有变量,Major,Medium,Closed,蔡弘晉,IA Internal-SC,"devhardware_layout_moduletable_iomap, jira_voc_mok, 1.12.0_add, userstory_yes, testcase_done",WILLIAM.HC.SHEN 沈桓慶,Medium,16,2025/5/16 上午 11:34,2025/12/8 下午 4:15,2026/4/21 下午 6:16
Issue,Designer Rev1.12.0 Sprint1,DIAStudio/DIADesigner,517302,Anomaly,[JIRA] (專案管理) [IABGVOC-559] 下载程序后选择运行状态但是显示有时候会是停止状态,Minor,Low,Closed,辛昱錦,IA Internal-SC,"downloaduploadmgr, jira_voc_sc, 1.12.0_initial, escape, userstory_yes, testcase_done",XAVIERA.FAN 范珮欣,Low,32,2025/5/16 上午 11:34,2025/12/15 下午 2:26,2026/4/21 下午 6:16
Issue,Designer Rev1.12.0 Sprint3,DIAStudio/DIADesigner,517301,Anomaly,[JIRA] (專案管理) [IABGVOC-615] 未知原因，第一次下载提示未知错误，再点击一次就可以下载OK了 - JIRA of Delta Electronics,Minor,Low,Closed,陳會杰,IA Internal-SC,"downloaduploadmgr, jira_voc_sc, issue2auto_todo, 1.12.0_add, userstory_yes, testcase_done",XAVIERA.FAN 范珮欣,Medium,16,2025/5/16 上午 11:34,2026/3/4 下午 12:10,2026/4/21 下午 6:16
Issue,Designer Rev1.11.0 Sprint1,DIAStudio/DIADesigner,517300,Anomaly,[JIRA] (硬體配置) [IABGVOC-714] 裝置錯誤與資訊的清除 Log 紀錄功能失效，導致軟體卡死 (3/3),Blocker,High,Closed,陳會杰,IA Internal-SC,"deverrorinfo, 1.10.0_add, jira_voc_sc, 1.11.0_initial, issue2auto_todo",STEWARD.LU 呂名峰,High,400,2025/5/16 上午 11:34,2025/9/1 下午 12:58,2025/10/30 下午 5:21
Issue,Unassigned,DIAStudio/DIADesigner,517299,Anomaly,[JIRA] (程式編輯) [IABGVOC-719] 梯形图的数组结构体下标没有自动带出，ST语法是可以自动带出,Minor,Low,Closed,陳會杰,IA Internal-SC,"programming_lang_ld, jira_voc_sc",Unassigned,High,80,2025/5/16 上午 11:34,2025/5/20 上午 9:57,2026/5/14 下午 7:09
Issue,Designer Rev1.13.0 Sprint1,DIAStudio/DIADesigner,517298,Anomaly,[JIRA] (專案管理) [IABGVOC-768] 软件有时双击时，进度条的小圈圈转一下之后，就没有了，并没有真正进入打开专案,Blocker,Remote,Closed,陳會杰,IA Internal-SC,"diadesigner_file_load, jira_voc_sc, te_cantrepro, te_track",JASON.JY.LIN 林峻宇,High,200,2025/5/16 上午 11:34,2026/3/10 上午 11:55,2026/4/21 下午 6:12
Issue,Designer Rev1.12.0 Sprint3,DIAStudio/DIADesigner,517297,Anomaly,[JIRA] (調適) [IABGVOC-811] 不下载程序，直接切到在线，监控表的变量无法显示,Major,High,Closed,陳會杰,IA Internal-SC,"programming_monitable, key_issue, plan1.11.0, jira_voc_sc, 1.12.0_add, escape, not_top10_issue, userstory_yes, testcase_done",STEWARD.LU 呂名峰,High,400,2025/5/16 上午 11:34,2026/1/27 下午 5:03,2026/4/21 下午 6:16
Issue,Designer Rev1.9.0 SP4 Sprint2,DIAStudio/DIADesigner,517296,Anomaly,[JIRA] (程式編輯) [IABGVOC-831] 程序POU的名称无法用剪切,Minor,Remote,Closed,陳會杰,IA Internal-SC,"programming_poutype_prg, jira_voc_sc",Unassigned,Medium,16,2025/5/16 上午 11:34,2025/5/16 上午 11:42,2026/5/18 下午 6:52
Issue,Designer Rev1.11.0 Sprint2,DIAStudio/DIADesigner,517295,Anomaly,[JIRA] [efficacy] (專案管理) [IABGVOC-854] 关闭软件有时候时间很长，会长达30S之久，我和会杰都出现过这样的问题 - JIRA of Delta Electronics,Critical,High,Closed,辛昱錦,IA Internal-SC,"efficacy, jira_voc_sc, te_checked, autotest_running, 1.11.0_add, autotest_detect",KF.LIU 劉桂輔,Medium,16,2025/5/16 上午 11:34,2025/8/13 上午 11:44,2025/10/30 下午 5:21
Issue,Designer Rev1.13.0 Sprint2,DIAStudio/DIADesigner,517294,Anomaly,[JIRA] (調適) [IABGVOC-867] 監控表效能優化,Critical,High,Closed,辛昱錦,IA Internal-SC,"programming_monitable, jira_voc_sc, plan1.11.0, jy_todo, efficacy, 1.13.0_add, userstory_yes, testcase_done, 1.13.0_rc",STEWARD.LU 呂名峰,Medium,16,2025/5/16 上午 11:34,2026/3/30 下午 2:27,2026/5/8 下午 3:42
Issue,Unassigned,DIAStudio/DIADesigner,517293,Anomaly,[JIRA] (程式編輯) 若 LD 下的 instance 敲錯時錯誤不明顯,Major,Medium,Closed,陳軍宇,IA Internal-SC,"programming_lang_ld, jira_voc_mok",ELVIS.CT.CHANG 張錦宗,Medium,16,2025/5/16 上午 11:34,2025/6/16 下午 5:33,2025/6/16 下午 5:33
Issue,Unassigned,DIAStudio/DIADesigner,517205,Anomaly,[JIRA] (程式編輯) Issue 407223 - 软件在线监控时，能否右键快速搜索，查询到该变量在全部程序使用的地方,Critical,High,Closed,蔡弘晉,IA Internal-CoreTech,"programming_lang, jira_voc_mok",Unassigned,High,600,2025/5/15 下午 7:13,2025/5/16 上午 10:02,2025/6/9 上午 11:58
Issue,Designer Rev1.9.0 SP4 Sprint2,DIAStudio/DIADesigner,517204,Anomaly,[JIRA] (程式編輯) [IABGVOC-202] Issue 432885 - 梯形图当采用书写Ld b无法带出对应变量显示,Major,Low,Closed,陳會杰,IA Internal-SC,"programming_lang, jira_voc_sc",Unassigned,Medium,16,2025/5/15 下午 7:13,2025/5/16 上午 10:03,2026/5/18 下午 6:53
Issue,Unassigned,DIAStudio/DIADesigner,517203,Anomaly,[JIRA] ASDA SOFT软件VM P0.000此处参数有时会不显示参数,Minor,Remote,Closed,陳會杰,IA Internal-SC,jira_voc_sc,Unassigned,Medium,16,2025/5/15 下午 7:13,2025/5/16 上午 10:04,2025/6/9 下午 1:36
Issue,Unassigned,DIAStudio/DIADesigner,517202,Anomaly,[JIRA] (專案管理) CORNER-2313 - DIADesigner 1.2.3 SP1 下载异常- 下载失败、开启文件失败,Critical,High,Closed,蔡弘晉,IA Internal-SC,"downloaduploadmgr, jira_voc_mok",Unassigned,Medium,16,2025/5/15 下午 7:13,2025/6/18 下午 2:26,2025/6/18 下午 2:26
Issue,Unassigned,DIAStudio/DIADesigner,517201,Anomaly,[JIRA] (網路配置) CORNER-2322 - DIADesinger SP1 V1.2.3出現ECAT_MASTER_REF 型態錯誤,Critical,Medium,Closed,蔡弘晉,IA Internal-SC,"devnetwork_ethercat, jira_voc_mok",Unassigned,Medium,16,2025/5/15 下午 7:13,2025/5/16 上午 10:05,2025/6/9 下午 1:42
Issue,Designer Rev1.9.0 SP4 Sprint2,DIAStudio/DIADesigner,517200,Anomaly,[JIRA] (程式編輯) CORNER-2323 - DIA Designer SP1 V1.2.3 模擬器環境無法編譯成功,Critical,High,Closed,蔡弘晉,IA Internal-SC,"programming_compile, jira_voc_mok",Unassigned,High,600,2025/5/15 下午 7:13,2025/5/16 上午 10:07,2026/5/18 下午 6:48
Issue,Designer Rev1.9.0 SP4 Sprint2,DIAStudio/DIADesigner,517199,Anomaly,[JIRA] (程式編輯) [IABGVOC-228] CORNER-2325 - DIA Designer SP1 V1.2的應用專案無法在SP1 V1.2.3 編譯成功,Critical,High,Closed,蔡弘晉,IA Internal-SC,"programming_compile, jira_voc_mok",Unassigned,High,600,2025/5/15 下午 7:13,2025/5/16 上午 10:15,2026/5/18 下午 6:51
Issue,Unassigned,DIAStudio/DIADesigner,517198,Anomaly,[JIRA] (程式編輯) CORNER-2359 - DIADesignerSP1 V1.2.3 能正常编译下载测试的程序，软体关闭后再重开就编译不过了,Major,Low,Closed,蔡弘晉,IA Internal-SC,"programming_compile, jira_voc_mok",Unassigned,Medium,16,2025/5/15 下午 7:13,2025/5/16 上午 10:15,2025/6/9 下午 1:42
Issue,Unassigned,DIAStudio/DIADesigner,517197,Anomaly,[JIRA] (程式編輯) CORNER-2414 - 編譯顯示缺少文件，導致編譯錯誤，無法下載,Major,Low,Closed,蔡弘晉,IA Internal-SC,"programming_compile, jira_voc_mok",Unassigned,Medium,16,2025/5/15 下午 7:13,2025/5/16 上午 10:16,2025/6/9 下午 1:42
Issue,Unassigned,DIAStudio/DIADesigner,517196,Anomaly,[JIRA] (專案管理) CORNER-2329 - 重載測試下，DIA Designer下載專案失敗，通訊錯誤,Major,Low,Closed,蔡弘晉,IA Internal-SC,"downloaduploadmgr, jira_voc_mok",Unassigned,Medium,16,2025/5/15 下午 7:13,2025/5/16 上午 10:17,2025/6/9 下午 1:42
Issue,Unassigned,DIAStudio/DIADesigner,517195,Anomaly,[JIRA] (調適) CORNER-2449 - 示波器有概率无法开启,Critical,Medium,Closed,蔡弘晉,IA Internal-SC,"oscilloscope, jira_voc_mok",Unassigned,Medium,16,2025/5/15 下午 7:13,2025/5/16 上午 10:17,2025/6/9 下午 1:42
Issue,Unassigned,DIAStudio/DIADesigner,517194,Anomaly,[JIRA] (調適) CORNER-2450 - 容易出現開啟示波器後，未知原因導致程式線上失敗，然後無法再運行,Critical,Medium,Closed,蔡弘晉,IA Internal-SC,"oscilloscope, jira_voc_mok",Unassigned,Medium,16,2025/5/15 下午 7:13,2025/5/16 上午 10:18,2025/6/9 下午 1:42
Issue,Unassigned,DIAStudio/DIADesigner,517193,Anomaly,[JIRA] (專案管理) CORNER-2329 - DIADesigner 1.2.3 SP1 下载异常- 下载失败、通讯错误,Critical,Medium,Closed,蔡弘晉,IA Internal-SC,"downloaduploadmgr, jira_voc_mok",Unassigned,Medium,16,2025/5/15 下午 7:13,2025/5/16 上午 10:18,2025/6/9 下午 1:42
Issue,Unassigned,DIAStudio/DIADesigner,517192,Anomaly,[JIRA] (網路配置) CORNER-2444 - EtherCAT Master測試時，R2-EC0902D0的測試發現有某個規則會導致PDO沒有送出,Critical,Medium,Closed,蔡弘晉,IA Internal-SC,"devnetwork_ethercat, jira_voc_mok",Unassigned,Medium,16,2025/5/15 下午 7:13,2025/5/16 上午 10:19,2025/6/9 下午 1:42
Issue,Unassigned,DIAStudio/DIADesigner,517191,Anomaly,[JIRA] (程式編輯) CORNER-2481 - 編譯錯誤 : Internal error in the Corner Compiler,Major,Low,Closed,蔡弘晉,IA Internal-SC,"programming_compile, jira_voc_mok",Unassigned,Medium,16,2025/5/15 下午 7:13,2025/5/16 上午 10:19,2025/6/9 下午 1:42
Issue,Unassigned,DIAStudio/DIADesigner,517190,Anomaly,[JIRA] (網路配置) CORNER-2444 - R2-EC0902 IO模组使用异常,Major,Low,Closed,蔡弘晉,IA Internal-SC,"devnetwork_ethercat, jira_voc_mok",Unassigned,Medium,16,2025/5/15 下午 7:13,2025/5/16 上午 10:20,2025/6/9 下午 1:42
Issue,Unassigned,DIAStudio/DIADesigner,517189,Anomaly,[JIRA] (程式編輯) CORNER-2419 - 新增ANY_BIT和ANY_INT變量異常導致編譯錯誤,Major,Low,Closed,蔡弘晉,IA Internal-SC,"programming_compile, jira_voc_mok",Unassigned,Medium,16,2025/5/15 下午 7:13,2025/5/16 上午 10:21,2025/6/9 下午 1:42
Issue,Unassigned,DIAStudio/DIADesigner,517188,Anomaly,[JIRA] (程式編輯) CORNER-2470 - DL_MC.MC_GenerateVDICamTable的Points引腳變數，顯示編譯錯誤,Major,Low,Closed,蔡弘晉,IA Internal-SC,"programming_compile, jira_voc_mok",Unassigned,Medium,16,2025/5/15 下午 7:13,2025/5/16 上午 10:22,2025/6/9 下午 1:42
Issue,Unassigned,DIAStudio/DIADesigner,517187,Anomaly,[JIRA] (程式編輯) CORNER-2511 - ST寫法在綫監控時，出現無法點擊鼠標改變TRUE/FALSE狀態,Major,Low,Closed,蔡弘晉,IA Internal-SC,"programming_lang_st, jira_voc_mok",Unassigned,Medium,16,2025/5/15 下午 7:13,2025/5/16 上午 10:22,2025/6/9 下午 1:42
Issue,Unassigned,DIAStudio/DIADesigner,517186,Anomaly,[JIRA] (調適) 示波器一直顯示數據擷取中，無法停止,Critical,Medium,Closed,蔡弘晉,IA Internal-SC,"oscilloscope, jira_voc_mok",Unassigned,Medium,16,2025/5/15 下午 7:13,2025/5/16 上午 10:23,2025/6/9 下午 1:42
Issue,Unassigned,DIAStudio/DIADesigner,517185,Anomaly,[JIRA] (網路配置) CORNER-2319 - 缺少EherCat从站连线状况的监视,Major,Low,Closed,蔡弘晉,IA Internal-SC,"devnetwork_ethercat, jira_voc_mok",Unassigned,Medium,16,2025/5/15 下午 7:13,2025/5/16 上午 10:33,2025/6/9 下午 1:42
Issue,Unassigned,DIAStudio/DIADesigner,517184,Anomaly,[JIRA] (程式編輯) Issue 375899 - 对轴名称类型（AXIS_REF）进行定义时出现错误，结构体无法生效,Critical,Medium,Closed,蔡弘晉,IA Internal-SC,"programming_lang, jira_voc_mok",Unassigned,Medium,16,2025/5/15 下午 7:13,2025/5/16 上午 10:34,2025/6/9 下午 1:42
Issue,Unassigned,DIAStudio/DIADesigner,517183,Anomaly,[JIRA] (程式編輯) CORNER-2479 - 監控軸狀態的變量無法放在全域變量，會編譯報錯,Critical,Medium,Closed,蔡弘晉,IA Internal-SC,"programming_compile, jira_voc_mok",Unassigned,Medium,16,2025/5/15 下午 7:13,2025/5/16 上午 10:37,2025/6/9 下午 1:42
Issue,Unassigned,DIAStudio/DIADesigner,517182,Anomaly,[JIRA] (程式編輯) CORNER-2486 - 在软体上新增电子凸轮E-Cam表，编译出现报错,Critical,Medium,Closed,蔡弘晉,IA Internal-SC,"programming_compile, jira_voc_mok",Unassigned,Medium,16,2025/5/15 下午 7:13,2025/5/16 上午 10:36,2025/6/9 下午 1:42
Issue,Unassigned,DIAStudio/DIADesigner,517181,Anomaly,[JIRA] (網路配置) CORNER-2510 - R1-EC5621D0的PDO映射功能不完整,Critical,Medium,Closed,蔡弘晉,IA Internal-SC,"devnetwork_ethercat, jira_voc_mok",Unassigned,Medium,16,2025/5/15 下午 7:13,2025/5/16 上午 10:36,2025/6/9 下午 1:42
Issue,Designer Rev1.9.0 SP4 Sprint2,DIAStudio/DIADesigner,517180,Anomaly,[JIRA] (運動控制) [IABGVOC-285] CORNER-2536 - 运动参数设置-急停加速度，设置的参数与实际差1000倍,Critical,Medium,Closed,蔡弘晉,IA Internal-SC,"motion_axisset, jira_voc_mok",Unassigned,Medium,16,2025/5/15 下午 7:13,2025/5/16 上午 10:35,2026/5/18 下午 6:51
Issue,Unassigned,DIAStudio/DIADesigner,517179,Anomaly,[JIRA] (程式編輯) CORNER-2562 - 中文变量建立在局部会编译报错,Major,Low,Closed,蔡弘晉,IA Internal-SC,"programming_compile, jira_voc_mok",Unassigned,Medium,16,2025/5/15 下午 7:13,2025/5/16 上午 10:14,2025/6/9 下午 1:42
Issue,Designer Rev1.9.0 SP4 Sprint2,DIAStudio/DIADesigner,517178,Anomaly,[JIRA] (程式編輯) [IABGVOC-287] CORNER-2569 - POU名称取的跟lib namesapce相同会冲突，但Designer没有正确的报错,Major,Low,Closed,蔡弘晉,IA Internal-SC,"programming_lang_ld, jira_voc_mok",Unassigned,Medium,16,2025/5/15 下午 7:13,2025/5/16 上午 10:13,2026/5/18 下午 6:50
Issue,Unassigned,DIAStudio/DIADesigner,517177,Anomaly,[JIRA] (程式編輯) CORNER-2654 - 軟件報未將對象引用設置到對象的實例錯誤,Critical,Medium,Closed,蔡弘晉,IA Internal-SC,"programming_lang, jira_voc_mok",Unassigned,Medium,16,2025/5/15 下午 7:13,2025/5/16 上午 10:13,2025/6/9 下午 1:42
Issue,Unassigned,DIAStudio/DIADesigner,517176,Anomaly,[JIRA] (硬體配置) CORNER-2699 - 本體軸IO映射分配地址衝突,Critical,Medium,Closed,蔡弘晉,IA Internal-SC,"iolink, jira_voc_mok",Unassigned,Medium,16,2025/5/15 下午 7:13,2025/5/16 上午 10:12,2025/6/9 下午 1:42
Issue,Unassigned,DIAStudio/DIADesigner,517175,Anomaly,[JIRA] (運動控制) Issue 388761 - W3A本体轴与外扩轴分配地址冲突,Critical,Medium,Closed,蔡弘晉,IA Internal-SC,"motion_axisset, jira_voc_mok",Unassigned,Medium,16,2025/5/15 下午 7:13,2025/5/16 上午 10:11,2025/6/9 下午 1:42
Issue,Unassigned,DIAStudio/DIADesigner,517173,Anomaly,[JIRA] (網路配置) Issue 382025 - 軟件IO映射-EtherCAT IO映射裡邊的變量消失，沒有顯示,Critical,Medium,Closed,蔡弘晉,IA Internal-SC,"devnetwork_ethercat, jira_voc_mok",Unassigned,Medium,16,2025/5/15 下午 7:13,2025/5/16 上午 9:52,2025/6/9 下午 1:42
Issue,Unassigned,DIAStudio/DIADesigner,517172,Anomaly,[JIRA] (網路配置) Issue 379669 - EtherCAT Master測試時，遇到Designer的CoE字典存取工具會出現不合理的連線狀況(多條)，且Designer會斷線,Critical,High,Closed,蔡弘晉,IA Internal-SC,"devnetwork_ethercat, jira_voc_mok",Unassigned,Medium,16,2025/5/15 下午 7:13,2025/6/19 下午 5:47,2025/6/19 下午 5:47
Issue,Unassigned,DIAStudio/DIADesigner,517171,Anomaly,[JIRA] (網路配置) 未知操作導致Ether CAT IO映射頁面顯示空白,Major,Low,Closed,蔡弘晉,IA Internal-SC,"devnetwork_ethercat, jira_voc_mok",Unassigned,Medium,16,2025/5/15 下午 7:13,2025/5/16 上午 9:51,2025/6/9 下午 1:42
Issue,Designer Rev1.9.0 SP4 Sprint2,DIAStudio/DIADesigner,517170,Anomaly,[JIRA] (程式編輯) [IABGVOC-335] CORNER-3184 - PackML建立的功能块，数组下标的状态不显示,Critical,Medium,Closed,蔡弘晉,IA Internal-SC,"programming_lang, jira_voc_mok",Unassigned,Medium,16,2025/5/15 下午 7:13,2025/5/16 上午 9:50,2026/5/18 下午 6:51
Issue,Unassigned,DIAStudio/DIADesigner,517169,Anomaly,[JIRA] (調適) CORNER-3218 - 示波器突然出现无法开启，示波器选项卡关掉重开，还是无法开启,Critical,Medium,Closed,蔡弘晉,IA Internal-SC,"oscilloscope, jira_voc_mok",Unassigned,Medium,16,2025/5/15 下午 7:13,2025/5/16 上午 9:49,2025/6/9 下午 1:42
Issue,Unassigned,DIAStudio/DIADesigner,517168,Anomaly,[JIRA] (調適) CORNER-3382 - 监控表页面无法监控自建的PackML功能块，其内部数组下的成员状态,Critical,Medium,Closed,蔡弘晉,IA Internal-SC,"programming_monitable, jira_voc_mok",Unassigned,Medium,16,2025/5/15 下午 7:13,2025/5/16 上午 10:08,2025/6/9 下午 1:42
Issue,Unassigned,DIAStudio/DIADesigner,517167,Anomaly,[JIRA] (程式編輯) DIADesigner 二维数组变量导出显示列不对，再次导入提示失败,Critical,Medium,Closed,陳會杰,IA Internal-SC,"programming_glovar, jira_voc_sc",Unassigned,Medium,16,2025/5/15 下午 7:12,2025/5/15 下午 7:34,2025/6/9 下午 1:41
Issue,Unassigned,DIAStudio/DIADesigner,517166,Anomaly,[JIRA] (程式編輯) Corner軟件畫面變量表EIP_Tag_Table能否刪除,Critical,High,Closed,陳壽乾,IA Internal-CoreTech,"programming_glovar, jira_voc_mok",Unassigned,High,600,2025/5/15 下午 7:12,2025/5/15 下午 7:25,2025/6/9 下午 1:49
Issue,Designer Rev1.11.0 Sprint1,DIAStudio/DIADesigner,517165,Anomaly,[JIRA] (程式編輯) [IABGVOC-525] MC_HaltSuperimposed、MC_ReadAxisError、MC_VelocityControl2、MC_HaltSuperimposed建变量就报错,Critical,Medium,Closed,辛昱錦,IA Internal-SC,"programming_glovar, jira_voc_sc",Unassigned,Medium,16,2025/5/15 下午 7:12,2025/5/15 下午 7:25,2026/5/18 下午 6:56
Issue,Unassigned,DIAStudio/DIADesigner,517164,Anomaly,[JIRA] (程式編輯) 仿真模式下对StepControl进行操作，二维数组的值是0没有变动，抓取波形是正常值,Blocker,High,Closed,辛昱錦,IA Internal-SC,"programming_lang_ld, jira_voc_sc",Unassigned,Medium,16,2025/5/15 下午 7:12,2025/5/15 下午 7:24,2025/6/9 下午 1:40
Issue,Unassigned,DIAStudio/DIADesigner,517163,Anomaly,[JIRA] (運動控制) 轴参数设置页面，数据输入框无法用：复制-粘贴等快捷键,Minor,Remote,Closed,陳會杰,IA Internal-SC,"motion_axisset, jira_voc_sc",Unassigned,Medium,16,2025/5/15 下午 7:12,2025/5/15 下午 7:18,2025/6/9 下午 1:41
Issue,Unassigned,DIAStudio/DIADesigner,517162,Anomaly,[JIRA] (調適) 在STEP_ControlProcedure的POU内触发单此仅执行一步，如果在监控变量表中触发会执行2~3步,Blocker,High,Closed,郭德山,IA Internal-SC,"programming_monitable, jira_voc_sc",Unassigned,Medium,16,2025/5/15 下午 7:12,2025/5/15 下午 7:18,2025/6/9 下午 1:41
Issue,Unassigned,DIAStudio/DIADesigner,517161,Anomaly,[JIRA] (程式編輯) 基本FB引脚无注释数据类型等说明,Blocker,High,Closed,郭德山,IA Internal-SC,"programming_lang_ld, jira_voc_sc",Unassigned,Medium,16,2025/5/15 下午 7:12,2025/5/15 下午 7:18,2025/6/9 下午 1:41
Issue,Unassigned,DIAStudio/DIADesigner,517159,Anomaly,[JIRA] (程式編輯) DIADesigner软件出现库界面，显示异常，双击左侧库管理器后OK了,Minor,Remote,Closed,陳會杰,IA Internal-SC,"programming_lang, jira_voc_sc",Unassigned,Medium,16,2025/5/15 下午 7:12,2025/5/15 下午 7:18,2025/6/9 下午 1:41
Issue,Unassigned,DIAStudio/DIADesigner,517158,Anomaly,[JIRA] (程式編輯) Corner软体ST语言输入Axis.McMoveRelative无法带出对应FC指令参数,Blocker,High,Closed,郭德山,IA Internal-SC,"programming_lang_st, jira_voc_sc",Unassigned,Medium,16,2025/5/15 下午 7:12,2025/5/15 下午 7:16,2025/6/9 下午 1:41
Issue,Unassigned,DIAStudio/DIADesigner,517157,Anomaly,[JIRA] (運動控制) Designer-SP4邏輯軸原本有綁定DM，當把對應的DM刪掉之後，編譯沒有報錯,Critical,Medium,Closed,陳嘉俊,IA Internal-SC,"motion_axisset, jira_voc_ims",Unassigned,Medium,16,2025/5/15 下午 7:12,2025/5/15 下午 7:16,2025/10/7 下午 4:11
Issue,Unassigned,DIAStudio/DIADesigner,516708,Anomaly,[JIRA] (調適) 更新了DIADesigner 1.9.0.39 SP4_Trial后，目前示波器添加监控变量后没有办法打字 (3/3),Critical,High,Closed,辛昱錦,IA Internal-SC,"1.10.0_initial, programming_monitable, jira_voc_sc",Unassigned,High,600,2025/5/14 下午 4:21,2025/5/14 下午 4:21,2025/6/9 下午 1:40
Issue,Designer Rev1.12.0 Sprint1,DIAStudio/DIADesigner,516487,Anomaly,[JIRA] (程式編輯) [IABGVOC-885] Corner软体Time变量无法进行初始化赋值,Major,High,Closed,郭德山,IA Internal-SC,"w3a, programming_glovar, 1.10.0_initial, jira_voc_sc, programming_monitable, 1.12.0_add, userstory_yes, testcase_done",KF.LIU 劉桂輔,High,600,2025/5/13 下午 6:12,2025/11/24 下午 1:17,2026/4/21 下午 6:16
Issue,Designer Rev1.11.0 Sprint1,DIAStudio/DIADesigner,516484,Anomaly,[JIRA] (專案管理) [IABGVOC-825] 下载时出现未知原因：卡在此处无法：开始传输,Critical,High,Closed,陳會杰,IA Internal-SC,"downloaduploadmgr, w3a, jira_voc_sc, te_checked, issue2auto_todo, issue2auto_done",Unassigned,High,240,2025/5/13 下午 5:39,2025/7/3 上午 10:08,2026/5/18 下午 6:53
Issue,Unassigned,DIAStudio/DIADesigner,516459,Anomaly,[JIRA] (程式編輯) Issue 375898 - 梯形图True显示问题,Minor,Medium,Closed,陳會杰,IA Internal-SC,"programming_lang_ld_monitor, jira_voc_sc",ELVIS.CT.CHANG 張錦宗,High,120,2025/5/13 下午 3:47,2025/6/19 下午 6:02,2025/7/3 上午 10:19
Issue,Designer Rev1.11.0 Sprint3,DIAStudio/DIADesigner,516458,Anomaly,[JIRA] (專案管理) 有出现一次下载过程中：软件提示报error code = ‘2’，点击确定后，然后软件未知原因卡死，导出对应韧体log和DIADesigner log,Major,Medium,Closed,陳會杰,IA Internal-SC,"downloaduploadmgr, jira_voc_sc",Unassigned,Medium,144,2025/5/13 下午 3:47,2025/6/19 下午 5:48,2026/5/18 下午 6:46
Issue,Designer Rev1.9.0 SP4 Sprint2,DIAStudio/DIADesigner,516457,Anomaly,[JIRA] (專案管理) [IABGVOC-182] Issue 386290 - Designer編譯時，跳出警告，沒辦法編譯專案，且Designer當掉 - JIRA of Delta Electronics,Critical,High,Closed,陳嘉俊,IA Internal-CoreTech,"diadesigner_file_load, jira_voc_ims",Unassigned,High,240,2025/5/13 下午 3:47,2025/7/1 下午 1:30,2026/5/18 下午 6:48
Issue,Unassigned,DIAStudio/DIADesigner,516456,Anomaly,[JIRA] (調適) Issue 411600 - 示波器添加变量时，当采用QQ拼音中文输入，软件会宕机并直接关闭,Critical,High,Closed,陳會杰,IA Internal-SC,"oscilloscope, jira_voc_sc",Unassigned,High,600,2025/5/13 下午 3:47,2025/6/18 下午 2:26,2025/7/3 上午 10:18
Issue,Designer Rev1.9.0 SP4 Sprint1,DIAStudio/DIADesigner,516455,Anomaly,[JIRA] (程式編輯) [IABGVOC-536] Intellisense 無法顯示功能塊 method,Critical,Medium,Closed,蔡維哲,IA Internal-CoreTech,"programming_poutype_fb, jira_voc_mok",KF.LIU 劉桂輔,High,360,2025/5/13 下午 3:47,2025/6/18 下午 2:27,2026/5/18 下午 6:50
Issue,Unassigned,DIAStudio/DIADesigner,516454,Anomaly,[JIRA] (程式編輯) 庫無法顯示 method 選項,Critical,Medium,Closed,蔡維哲,IA Internal-CoreTech,"librarymanager, jira_voc_mok",Unassigned,High,360,2025/5/13 下午 3:47,2025/5/14 下午 4:43,2025/6/9 上午 11:51
Issue,Unassigned,DIAStudio/DIADesigner,516453,Anomaly,[JIRA] (程式編輯) 帶有基底的FB裏編寫軸控制指令的時候，選擇首字母再左鍵的時候彈框時好時壞，有時候打完都不會出現,Major,Medium,Closed,辛昱錦,IA Internal-SC,"programming_lang_st_edit, jira_voc_sc",KF.LIU 劉桂輔,Medium,16,2025/5/13 下午 3:47,2025/6/19 下午 6:00,2025/6/19 下午 6:00
Issue,Unassigned,DIAStudio/DIADesigner,516452,Anomaly,[JIRA] (運動控制) Issue 375891 - 轴设置-复归原点设置-回原点模式，修改后需要软体重开才能生效,Blocker,High,Closed,陳會杰,IA Internal-SC,"motion_axisset, jira_voc_sc",Unassigned,High,1000,2025/5/13 下午 3:47,2025/5/14 下午 4:41,2025/7/3 上午 10:19
Issue,Unassigned,DIAStudio/DIADesigner,516451,Anomaly,[JIRA] (程式編輯) 新增 FN 到 pou 後編譯會出現奇怪的錯誤,Critical,Medium,Closed,蔡弘晉,IA Internal-CoreTech,"programming_poutype_func, jira_voc_mok",Unassigned,High,360,2025/5/13 下午 3:47,2025/5/14 下午 5:29,2025/6/9 下午 1:46
Issue,Designer Rev1.11.0 Sprint1,DIAStudio/DIADesigner,516378,Anomaly,[JIRA] (程式編輯) [IABGVOC-796] ST和LD变量的注释都没有显示，建议需要显示出来，方便使用者参考其注释 - JIRA of Delta Electronics,Critical,High,Closed,陳會杰,IA Internal-SC,"1.11.0_initial, jira_voc_sc, issue2auto_todo, w3a",KF.LIU 劉桂輔,High,600,2025/5/13 上午 11:52,2025/7/31 下午 3:30,2026/1/23 上午 11:17
Issue,Designer Rev1.12.0 Sprint1,DIAStudio/DIADesigner,516373,Anomaly,[JIRA] (程式編輯) [IABGVOC-823] IEC 程式的變數監控框顯示異常,Minor,Medium,Closed,程政罡,IA Internal-CoreTech,"programming_lang_st_monitor, w3a, jira_voc_mok, issue2auto_todo, userstory_yes, testcase_done, 1.12.0_add",KF.LIU 劉桂輔,High,120,2025/5/13 上午 11:34,2025/11/25 下午 3:10,2026/4/21 下午 6:16
Issue,Designer Rev1.11.0 Sprint1,DIAStudio/DIADesigner,513548,Anomaly,[JIRA] (調適) [IABGVOC-721] 示波器监控结构体下标时，鼠标滚轮一滑动，容易会把原通道设置的变量内容切换掉 - JIRA of Delta Electronics,Minor,Remote,Closed,陳會杰,IA Internal-SC,"oscilloscope, 1.11.0_initial, w3a, diacorner, jira_voc_sc, te_checked, issue2auto_manual",JENNY.HY.CHEN 陳湘筠,High,240,2025/5/9 下午 2:33,2025/7/23 下午 6:07,2025/10/30 下午 5:21
Issue,Designer Rev1.11.0 Sprint1,DIAStudio/DIADesigner,512981,Anomaly,[JIRA](調適) [IABGVOC-814] 示波器删除某行中间通道后，光标会停留第一行，容易误删除第一行 - JIRA of Delta Electronics,Minor,Remote,Closed,陳會杰,IA Internal-SC,"1.11.0_initial, w3a, diacorner, oscilloscope, jira_voc_sc, te_checked, issue2auto_todo",JENNY.HY.CHEN 陳湘筠,High,240,2025/5/7 上午 11:48,2025/7/22 下午 5:14,2025/10/30 下午 5:23
Issue,Designer Rev1.11.0 Sprint1,DIAStudio/DIADesigner,512818,Anomaly,[JIRA](庫管理器) [IABGVOC-397] DIADesigner的PackML库安装手顺编译异常显示 - JIRA of Delta Electronics,Minor,Low,Closed,陳會杰,IA Internal-SC,"librarymanager, w3a, jira_voc_sc, te_checked, 1.11.0_initial, issue2auto_todo",PINGCHIN.WANG 王昞清,High,400,2025/5/6 下午 5:14,2025/7/21 下午 1:17,2025/10/30 下午 5:23
Issue,Designer Rev1.12.0 Sprint1,DIAStudio/DIADesigner,512764,Anomaly,[JIRA] (全域變數) [IABGVOC-832] 变量导出CSV，然后再导入到程序变量时，MC_PARAMETER_NUMBER格式原设置的固定地址，没有了,Critical,High,Closed,陳會杰,IA Internal-SC,"jira_voc_sc, te_checked, 1.12.0_initial, userstory_yes, testcase_done",ORLANDO.LAN 藍順騰,High,400,2025/5/6 下午 3:09,2025/12/12 下午 1:31,2026/4/21 下午 6:16
Issue,Designer Rev1.10.0 Sprint3,DIAStudio/DIADesigner,512486,Anomaly,[JIRA](程式編輯) 開啟兩個 Corner Device 專案後編譯不應該共用同一個資料夾 (3/3),Major,Medium,Closed,鄧亨禮,IA Internal-CoreTech,"w3a, programming_lang_ld_compile, programming_lang_st_compile, 1.10.0_add, jira_voc_mok",HENRY.DENG 鄧亨禮,High,240,2025/5/5 上午 11:56,2025/5/20 下午 7:38,2026/1/12 下午 7:07
Issue,Designer Rev1.12.0 Sprint1,DIAStudio/DIADesigner,511948,Anomaly,[JIRA](程式編輯) [IABGVOC-550] 建立了FB并对其建立变量，無法自動列出選項,Critical,High,Closed,辛昱錦,IA Internal-SC,"w3a, programming_intellisense, 1.11.0_initial, jira_voc_sc, need_triage, issue2auto_todo, 1.12.0_add, userstory_yes, testcase_done",KF.LIU 劉桂輔,High,600,2025/4/29 下午 6:14,2025/12/16 下午 2:44,2026/5/8 下午 3:21
Issue,Designer Rev1.11.0 Sprint1,DIAStudio/DIADesigner,511934,Anomaly,[JIRA](調適) [IABGVOC-816] 示波器通道，ΔY的计算的数据有问题,Major,Medium,Closed,陳會杰,IA Internal-SC,"w3a, jira_voc_sc, te_cantrepro",Unassigned,Medium,48,2025/4/29 下午 4:48,2025/7/1 下午 4:47,2026/5/18 下午 6:49
Issue,Designer Rev1.11.0 Sprint2,DIAStudio/DIADesigner,511923,Anomaly,[JIRA](調適) [IABGVOC-826] 示波器出现：数据撷取中，无法关闭示波器 - JIRA of Delta Electronics,Major,Medium,Closed,陳會杰,IA Internal-SC,"w3a, 1.11.0_initial, jira_voc_sc, te_cantrepro, schedule_srs, issue2auto_manual",JENNY.HY.CHEN 陳湘筠,Medium,48,2025/4/29 下午 4:07,2025/9/15 下午 4:02,2025/10/30 下午 5:23
Issue,Designer Rev1.10.0 Sprint2,DIAStudio/DIADesigner,511715,Anomaly,[JIRA] (調適) W3A 機種專案樹中 Commisiong 節點消失不見 (3/3),Blocker,High,Closed,陳威仲,IA Internal-CoreTech,"w3a, programming_monitable, 1.10.0_initial, jira_voc_mok",JOHNNY.MC.YEH 葉明勳,High,1000,2025/4/28 下午 5:44,2025/5/20 下午 2:00,2025/6/13 上午 11:14
Issue,Designer Rev1.10.0 Sprint2,DIAStudio/DIADesigner,510982,Anomaly,[JIRA] (全域變數) 匯入無法辨識的Array資料型態，DIADesigner會Crash，會導致專案無法存檔 (3/3),Blocker,High,Closed,郭德山,IA Internal-SC,"1.10.0_add, jira_voc_sc",PINGCHIN.WANG 王昞清,High,1000,2025/4/24 下午 3:20,2025/5/29 上午 11:51,2025/6/13 上午 11:14
Issue,Designer Rev1.11.0 Sprint1,DIAStudio/DIADesigner,510978,Anomaly,[JIRA](全域變數) [IABGVOC-837] 变量初始值，设置10的n次方时，无法再导入CSV到变量，只会导入常数部分，10的n次方部分会删除 - JIRA of Delta Electronics,Critical,High,Closed,陳會杰,IA Internal-SC,"programming_glovar, corner, w3a, 1.11.0_initial, jira_voc_sc, te_checked, issue2auto_todo, issue2auto_done",KF.LIU 劉桂輔,High,400,2025/4/24 下午 3:12,2025/8/13 下午 4:35,2025/10/30 下午 5:23
Issue,Designer Rev1.11.0 Sprint1,DIAStudio/DIADesigner,510903,Anomaly,[JIRA](庫管理器) [IABGVOC-820] 庫安裝異常 (3/3),Critical,High,Closed,陳軍宇,IA Internal-CoreTech,"librarymanager, w3a, 1.11.0_initial, jira_voc_mok, issue2auto_todo, issue2auto_done",PINGCHIN.WANG 王昞清,High,600,2025/4/24 上午 11:45,2025/9/15 上午 9:35,2026/1/12 下午 7:07
Issue,Designer Rev1.11.0 Sprint1,DIAStudio/DIADesigner,510879,Anomaly,[JIRA](全域變數) [IABGVOC-833] 无法对数组结构体等数据变量进行初始赋值 - JIRA of Delta Electronics,Blocker,High,Closed,郭德山,IA Internal-SC,"programming_glovar, w3a, 1.11.0_initial, jira_voc_sc, te_checked, issue2auto_todo, issue2auto_done",KF.LIU 劉桂輔,High,400,2025/4/24 上午 10:54,2025/7/21 下午 3:06,2025/10/30 下午 5:23
Issue,Unassigned,DIAStudio/DIADesigner,509211,Anomaly,[JIRA](調適)示波器在挪各个通道的位置后再进行抓取，点击启动没办法启动(0/3),Major,Medium,Closed,辛昱錦,IA Internal-SC,"w3a, jira_voc_sc",Unassigned,Medium,240,2025/4/16 下午 1:20,2025/4/23 下午 2:45,2025/6/9 下午 1:40
Issue,Designer Rev1.10.0 Sprint2,DIAStudio/DIADesigner,509192,Anomaly,[JIRA](調適)示波器出现未知原因，通道无法输入变量，但可以复制粘贴变量(3/3),Critical,High,Closed,陳會杰,IA Internal-SC,"w3a, 1.10.0_initial, jira_voc_sc",JOHNNY.MC.YEH 葉明勳,High,1000,2025/4/16 下午 12:04,2025/5/5 下午 3:10,2025/6/13 上午 11:14
Issue,Designer Rev1.10.0 Sprint2,DIAStudio/DIADesigner,508479,Anomaly,[JIRA] (專案編譯) Corner多機器DIA tag內容會都變成最後一台內容(3/3),Major,High,Closed,呂念緯,IA Internal,"programming_compile_all, 1.10.0_initial, jira_voc_mok",MINGHUNG.TSAI 蔡明宏,High,400,2025/4/14 上午 11:24,2025/5/9 上午 11:10,2025/6/9 上午 11:51
Issue,Designer Rev1.11.0 Sprint3,DIAStudio/DIADesigner,507949,Anomaly,[JIRA](專案管理) [IABGVOC-775] 在轴传动参数以及任务时间配置等更改数值后进行下载，程序可以下载，但是执行的还是更改值之前的程序，软体没有做到防护 - JIRA of Delta Electronics,Blocker,High,Closed,辛昱錦,IA Internal-SC,"w3a, downloaduploadmgr, jira_voc_sc, plan1.11.0, 1.11.0_initial, issue2auto_todo, issue2auto_done",JOHNNY.MC.YEH 葉明勳,High,1000,2025/4/10 下午 4:21,2025/10/21 上午 10:54,2025/10/30 下午 5:23
Issue,Designer Rev1.11.0 Sprint2,DIAStudio/DIADesigner,507936,Anomaly,[JIRA](專案管理) [IABGVOC-809] 下載按鈕連點會跑出多個下載管理員視窗 - JIRA of Delta Electronics,Critical,Medium,Closed,陳軍宇,IA Internal-CoreTech,"w3a, downloaduploadmgr, 1.11.0_initial, plan1.11.0, jira_voc_mok, issue2auto_todo, issue2auto_done",LEANN.TING 丁寧,High,360,2025/4/10 下午 3:56,2025/9/1 下午 1:03,2026/1/12 下午 7:07
Issue,Designer Rev1.13.0 Sprint2,DIAStudio/DIADesigner,507928,Anomaly,[JIRA](程式編輯) [IABGVOC-808] 變數寫入採用錯誤的 size 導致影響其他相鄰的變數,Critical,High,Closed,陳軍宇,IA Internal-CoreTech,"w3a, programming_lang_ld_monitor, jira_voc_mok, 1.13.0_add, userstory_yes",STEWARD.LU 呂名峰,High,600,2025/4/10 下午 3:49,2026/3/18 下午 1:38,2026/4/21 下午 6:12
Issue,Designer Rev1.11.0 Sprint3,DIAStudio/DIADesigner,506868,Anomaly,[JIRA] (調適) [IABGVOC-549] 示波器如果抓取轴错误ID（类型为MC_ERROR)的时候无法显示画面 - JIRA of Delta Electronics,Critical,High,Closed,辛昱錦,IA Internal-SC,"oscilloscope, jira_voc_sc, te_checked, plan1.11.0, 1.11.0_initial, issue2auto_todo",JOHNNY.MC.YEH 葉明勳,High,600,2025/4/7 下午 5:11,2025/9/16 上午 10:25,2025/10/30 下午 5:23
Issue,Unassigned,DIAStudio/DIADesigner,506809,Anomaly,[JIRA] (調適) W3A 機種更改程序后直接切换在線模式，監控表無法線上賦值 (3/3),Major,Medium,Closed,辛昱錦,IA Internal-SC,"w3a, jira_voc_sc",STEWARD.LU 呂名峰,High,240,2025/4/7 下午 3:54,2025/6/9 下午 7:03,2025/6/9 下午 7:03
Issue,Designer Rev1.14.0 Sprint2,DIAStudio/DIADesigner,505913,Anomaly,[JIRA][efficacy](程式編輯) [IABGVOC-785] DIADesigner SP4 發生 Out of Memory Exception,Critical,High,Review,鄧亨禮,IA Internal-CoreTech,"w3a, programming_lang_ld, efficacy, jira_voc_mok, autotest_detect, 1.12.0_initial, escape, 1.13.0_initial, 1.14.0_initial",PINGCHIN.WANG 王昞清,High,600,2025/4/2 下午 2:35,,2026/3/24 下午 2:08
Issue,Designer Rev1.11.0 Sprint1,DIAStudio/DIADesigner,505668,Anomaly,[JIRA](程式編輯) [IABGVOC-772] SP4软件功能块引脚的枚举类型变量，无法填写初始值； - JIRA of Delta Electronics,Major,Medium,Closed,陳會杰,IA Internal-SC,"w3a, programming_glovar, 1.11.0_initial, jira_voc_sc, issue2auto_todo, issue2auto_done, autotest_detect",KF.LIU 劉桂輔,High,1000,2025/4/1 下午 4:50,2025/7/21 下午 4:19,2025/10/30 下午 5:23
Issue,Designer Rev1.10.0 Sprint1,DIAStudio/DIADesigner,504080,Anomaly,[JIRA] (調適) 監控表匯出的 csv 檔案實際值欄位不包含全部監控項目 (3/3),Critical,High,Closed,陳威仲,IA Internal-CoreTech,"escape, programming_monitable, 1.10.0_initial, jira_voc_mok",LEANN.TING 丁寧,High,600,2025/3/25 下午 6:28,2025/6/12 下午 3:07,2026/1/12 下午 7:06
Issue,Designer Rev1.12.0 Sprint1,DIAStudio/DIADesigner,504029,Anomaly,[JIRA] (程式編輯) [IABGVOC-729] ST可正確顯示 enumerator 的名稱，但 LD 不會顯示,Major,Medium,Closed,陳少宇,IA Internal-CoreTech,"w3a, programming_lang_ld_monitor, jira_voc_mok, 1.12.0_initial, issue2auto_todo, userstory_yes, testcase_done",ELVIS.CT.CHANG 張錦宗,High,1000,2025/3/25 下午 4:37,2025/12/2 上午 11:24,2026/4/21 下午 6:16
Issue,Designer Rev1.9.0 Sprint3,DIAStudio/DIADesigner,504028,Anomaly,[JIRA](調適) [IABGVOC-728] Mornitor Table 使用 Set Value 欄位設定 INT 值失敗,Blocker,High,Closed,吳承翰,IA Internal-CoreTech,"programming_monitable, jira_voc_mok",STEWARD.LU 呂名峰,High,1000,2025/3/25 下午 4:32,2025/4/9 上午 10:31,2026/1/12 下午 7:06
Issue,Designer Rev1.10.0 Sprint1,DIAStudio/DIADesigner,504023,Anomaly,[JIRA](運動控制) 編碼器軸綁定參數後產出的 device_config.xml 檔案異常，導致程式邏輯運行錯誤 (3/3),Blocker,High,Closed,陳嘉俊,IA Internal-CoreTech,"w3a, 1.10.0_initial, motion_axisset, jira_voc_ims",HARVEY.XIE 謝孟軒,High,1000,2025/3/25 下午 4:22,2025/6/13 下午 1:30,2025/10/7 下午 4:11
Issue,Designer Rev1.9.0 Sprint3,DIAStudio/DIADesigner,498477,Anomaly,[JIRA](程式編輯)同時修改POU名稱與task，第一次無法變更task,Minor,Remote,Closed,黃亮亮\陳會杰,DGC-China,"1.9.0_add, programming_task, voc_designer, jira_voc_sc",HARVEY.XIE 謝孟軒,High,40,2025/3/5 上午 10:27,2025/3/11 下午 4:48,2026/5/11 上午 11:27
Issue,Designer Rev1.9.0 SP4 Sprint1,DIAStudio/DIADesigner,498260,Anomaly,[JIRA] (程式編輯) Disable EN/ENO 功能下 W3A 機種編譯後產出的檔案內容有誤 (3/3),Blocker,High,Closed,陳軍宇,IA Internal-CoreTech,"w3a, programming_lang_ld_compile, jira_voc_mok",ELVIS.CT.CHANG 張錦宗,High,1000,2025/3/4 下午 2:25,2025/3/10 下午 4:57,2025/6/9 下午 1:43
Issue,Designer Rev1.12.0 Sprint1,DIAStudio/DIADesigner,494938,Anomaly,[JIRA] (程式編輯) [IABGVOC-691] TIME 類型的輸入不符合規格,Blocker,Medium,Closed,吳承翰,IA Internal-CoreTech,"w3a, programming_glovar, 1.10.0_initial, jira_voc_mok, 1.12.0_add, testcase_done, userstory_yes, escape, issue2auto_todo, programming_monitable_readwrite",KF.LIU 劉桂輔,High,600,2025/2/18 下午 2:33,2025/12/2 下午 2:30,2026/5/11 上午 11:27
Issue,Designer Rev1.10.0 Sprint2,DIAStudio/DIADesigner,494199,Anomaly,[JIRA][CornerMerge] (程式編輯) [IABGVOC-540] 更换1.3.4.318软体和韧体2906后，变量无法在线监控，没办法修改状态，无法调试,Blocker,High,Closed,辛昱錦,IA Internal-SC,"w3a, programming_lang_st_monitor, 1.10.0_initial, jira_voc_sc",KF.LIU 劉桂輔,High,1000,2025/2/14 上午 11:42,2025/6/11 下午 5:16,2025/12/4 下午 3:26
Issue,Designer Rev1.11.0 Sprint1,DIAStudio/DIADesigner,492548,Anomaly,[JIRA] (調適) [IABGVOC-558] 抓取示波器波形時數值小的反而顯示在上面,Critical,High,Closed,辛昱錦,IA Internal-SC,"w3a, oscilloscope, jira_voc_sc",Unassigned,High,1000,2025/2/6 下午 6:29,2025/5/13 上午 11:13,2026/1/15 上午 10:06
Issue,Designer Rev1.10.0 Sprint2,DIAStudio/DIADesigner,488598,Anomaly,[JIRA][CornerMerge](專案管理) Find All 在 W3A 機種上功能失效 (3/3),Blocker,High,Closed,陳會杰,IA Internal-SC,"autotest_detect, diadesigner_edit_searchreplace, w3a, 1.10.0_initial, jira_voc_sc",KF.LIU 劉桂輔,High,1000,2025/1/20 下午 6:06,2025/5/12 下午 7:28,2025/6/13 上午 11:14
Issue,Designer Rev1.9.0 SP4 Sprint1,DIAStudio/DIADesigner,488414,Anomaly,[JIRA] (運動控制) 軸參數修改後沒有立即生效,,,,,,Blocker,,,,,,
Issue,Designer Rev1.14.0 Plan,DIAStudio/DIADesigner,486433,Anomaly,[JIRA] (調適) [IABGVOC-513] 增加在线时，多个变量修改状态，可以同时写入PLC功能 - JIRA of Delta Electronics,Critical,High,Review,陳會杰,DGC-China,"programming_monitable, jira_voc_sc",STEWARD.LU 呂名峰,High,600,2025/1/14 下午 2:11,,2026/2/11 下午 2:02
Issue,Designer Rev1.11.0 Sprint1,DIAStudio/DIADesigner,486407,Anomaly,[JIRA] (調適) Issue 407200 - 监控面板的修改值，如何删除已经填写的数据；,Minor,Low,Closed,陳會杰,IA Internal-SC,"diacorner, programming_monitable, jira_voc_sc",Unassigned,High,80,2025/1/14 下午 1:35,2025/5/14 下午 5:24,2026/5/18 下午 6:47
Issue,Designer Rev1.11.0 Sprint2,DIAStudio/DIADesigner,480530,Anomaly,[JIRA] (程式編輯) [IABGVOC-506] INTERNAL 的 Function Block 在變數表 Data Type 輸入助手以及 Ladder 指令精靈沒有隱藏 (3/3),Blocker,High,Closed,辛昱錦,IA Internal,"w3a, programming_poutype_fb, plan1.11.0, jira_voc_sc, 1.11.0_initial, issue2auto_todo",KF.LIU 劉桂輔,High,1000,2024/12/23 上午 10:38,2025/9/8 下午 2:00,2025/10/30 下午 5:23
Issue,Designer Rev1.9.0 SP4 Sprint2,DIAStudio/DIADesigner,478295,Anomaly,[JIRA] (調適) 示波器的通道如果用键盘Delete删除，会误删除掉写的程序项目,Critical,High,Closed,陳會杰,IA Internal-SC,"oscilloscope, jira_voc_sc",JOHNNY.MC.YEH 葉明勳,High,1000,2024/12/13 下午 6:27,2025/5/13 下午 4:13,2025/6/13 上午 11:13
Issue,Designer Rev1.11.0 Sprint1,DIAStudio/DIADesigner,478294,Anomaly,[JIRA] (程式編輯) [IABGVOC-490] AXIS_REF 的 METHOD是PUBLIC，在庫卻無法看到 (3/3),Major,Medium,Closed,蔡弘晉,IA Internal,"librarymanager, 1.11.0_initial, jira_voc_mok, issue2auto_todo, issue2auto_done",PINGCHIN.WANG 王昞清,High,240,2024/12/13 下午 6:25,2025/7/21 上午 10:43,2026/1/12 下午 7:06
Issue,Designer Rev1.11.0 Sprint1,DIAStudio/DIADesigner,473425,Anomaly,[JIRA] (程式編輯) [IABGVOC-466] 監控變數表顯示問題 - JIRA of Delta Electronics (3/3),Major,Medium,Closed,蔡易霖,IA Internal-CoreTech,"programming_monitable, jira_voc_mok, 1.11.0_initial, issue2auto_todo",STEWARD.LU 呂名峰,High,240,2024/11/28 上午 10:27,2025/7/22 下午 2:16,2026/5/8 下午 5:49
Issue,Designer Rev1.12.0 Sprint1,DIAStudio/DIADesigner,473420,Anomaly,[JIRA] (程式編輯) [IABGVOC-451] 函数里边的变量在页签关闭的情况下，不会自动跟随全域符号变化,Minor,Remote,Closed,陳會杰,IA Internal-SC,"jira_voc_sc, te_checked, programming_lang_st_edit, issue2auto_todo, 1.12.0_add, userstory_yes, testcase_done",KF.LIU 劉桂輔,High,80,2024/11/28 上午 10:21,2025/11/25 上午 9:11,2026/4/21 下午 6:16
Issue,Designer Rev1.10.0 Sprint2,DIAStudio/DIADesigner,473403,Anomaly,[JIRA] (網路配置) 在线运行时，EtherCAT的配置也可以右键删除，这样不合理,Major,Medium,Closed,陳會杰,IA Internal-SC,"1.10.0_initial, devnetwork_ethercat, jira_voc_sc",WILLIAM.HC.SHEN 沈桓慶,High,240,2024/11/28 上午 9:58,2025/6/10 上午 11:47,2025/9/15 下午 6:47
Issue,Designer Rev1.12.0 Sprint1,DIAStudio/DIADesigner,473394,Anomaly,[JIRA](程式編輯) [IABGVOC-181] STRING 型態綁定位址的變數監控、初始值宣告異常,Critical,High,Closed,蔡易霖,IA Internal-CoreTech,"w3a, jira_voc_mok, differs_dev, 1.12.0_add, escape, testcase_done, userstory_yes, issue2auto_todo, programming_lang_st_monitor, programming_lang_ld_monitor",KF.LIU 劉桂輔,High,600,2024/11/28 上午 9:39,2026/1/12 下午 4:02,2026/5/8 下午 6:40
Issue,Designer Rev1.14.0 Sprint2,DIAStudio/DIADesigner,469965,Anomaly,[JIRA] (專案管理) [IABGVOC-186] Issue 407138 - 软件下载界面：勾选下载后自动关闭的按钮，再次打开软件会消失 - JIRA of Delta Electronics,Minor,Low,Verification,黃亮亮\蔡弘晉,DGC-China,"rat_friendly, downloaduploadmgr, jira_voc_mok, 1.14.0_initial",LEANN.TING 丁寧,High,80,2024/11/12 下午 3:42,,2026/5/13 下午 4:10
Issue,Designer Rev1.15.0 Plan,DIAStudio/DIADesigner,466614,Anomaly,"[JIRA] (程式編輯) [IABGVOC-2017] In the Ladder program unit, when the mouse hovers over a node or the pin of a function block, the tooltip disappears quickly",Major,High,In Progress,朱賀; 郭德山,DGC-China,"programming_lang_ld_edit, escape, voc_id3, 1.9.0_initial, 1.11.0_initial, issue2auto_manual, jira_voc_sc, step_control, 1.15.0_initial",STEWARD.LU 呂名峰,High,400,2024/10/29 上午 11:39,,2026/5/5 下午 4:28
Issue,Designer Rev1.11.0 Sprint1,DIAStudio/DIADesigner,463337,Anomaly,[JIRA] (運動控制) [IABGVOC-430] DIADesigner软件轴基本参数---运动参数---加加速度的单位显示问题 - JIRA of Delta Electronics,Minor,Remote,Closed,苏州凡贤\陳會杰,DGC-China,"motion_axisset, jira_voc_sc, 1.11.0_add",JACKY.TU 杜寧,Medium,16,2024/10/16 上午 9:30,2025/7/28 下午 2:59,2025/10/30 下午 5:23
Issue,Designer Rev1.11.0 Sprint1,DIAStudio/DIADesigner,459665,Anomaly,[JIRA] (,,,,,,) [IABGVOC-425] 當提示示波器採樣頻率有問題時，會影響到其他正常通道,,,,,,
Issue,Designer Rev1.10.0 Sprint2,DIAStudio/DIADesigner,459650,Anomaly,[JIRA] (調試,,,,,,) 示波器運行的時候，config欄位變成灰白色影響debug閱讀,,,,,,
Issue,Rev1.3.5 SP1 DIADesigner,DIAStudio/DIADesigner,458662,Anomaly,[JIRA] (運動控制) 凸轮挺杆点编译器报iTappetType的错误,Major,Medium,Closed,苏州凡贤\陳會杰,DGC-China,"motion_ecam, plan1.3.5sp1, 1.3.5_sp1_initial, jira_voc_sc",JACKY.TU 杜寧,High,240,2024/9/25 上午 10:11,2024/10/16 上午 11:05,2026/5/8 下午 3:30
Issue,Designer Rev1.12.0 Sprint1,DIAStudio/DIADesigner,446687,Anomaly,[JIRA]( 調試) [IABGVOC-399] 未知操作，软件监控状态不显示,Minor,Remote,Closed,陳會杰,IA Internal-SC,"corner_swcheck, jira_voc_sc, te_cantrepro, programming_lang_st_monitor, 1.12.0_add, userstory_yes, testcase_done",KF.LIU 劉桂輔,Medium,64,2024/8/14 下午 5:19,2025/12/19 下午 3:20,2026/5/8 下午 6:25
Issue,Unassigned,DIAStudio/DIADesigner,446679,Anomaly,[JIRA] (,,,,,,) 安裝產品包之後，新增的功能塊Canopen_para功能塊需要重開SW編譯才會生效到,,,,,,
Issue,Designer Rev1.12.0 Sprint1,DIAStudio/DIADesigner,446675,Anomaly,[JIRA] (硬體配置) [IABGVOC-400] 未将对象引用设置到对象的实例 - JIRA of Delta Electronics,Minor,Remote,Closed,陳會杰,IA Internal-SC,"corner_swcheck, jira_voc_sc, 1.12.0_add, deverrorinfo, userstory_yes, testcase_done",BORONG.CHEN 陳柏融,Low,24,2024/8/14 下午 5:08,2025/12/31 上午 9:32,2026/4/21 下午 6:16
Issue,Unassigned,DIAStudio/DIADesigner,446671,Anomaly,[JIRA] (調試)有时会出现监控表不显示对应状态,Major,Low,Closed,陳會杰,IA Internal-SC,"programming_monitable, corner_swcheck, jira_voc_sc",Unassigned,Medium,64,2024/8/14 下午 5:00,2025/3/18 上午 11:10,2025/6/17 下午 1:52
Issue,Designer Rev1.9.0 SP4 Sprint2,DIAStudio/DIADesigner,446667,Anomaly,[JIRA](調試)Designer示波器，修改取樣頻率後，取樣個數極限異常,Critical,High,Closed,陳嘉俊,IA Internal-CoreTech,"oscilloscope, jira_voc_ims",Unassigned,High,600,2024/8/14 下午 4:56,2025/3/18 下午 1:39,2026/5/18 下午 6:46
Issue,Designer Rev1.9.0 SP4 Sprint2,DIAStudio/DIADesigner,444603,Anomaly,"[JIRA] (程式編輯) FUNCTION/METHOD 的 return 為 NULL 時, 拉到 LD 內不應該出現 return 腳位",Minor,Low,Closed,陳會杰,IA Internal-SC,"corner_swcheck, programming_poutype_fb, jira_voc_sc",KF.LIU 劉桂輔,Medium,16,2024/8/6 下午 1:50,2025/6/19 下午 5:49,2025/6/19 下午 5:49
Issue,Rev1.3.4 SP1 DIADesigner,DIAStudio/DIADesigner,432983,Anomaly,[JIRA](專案管理)下載報錯，未找到路徑資料夾,Critical,High,Closed,蔡弘晉,IA Internal-CoreTech,"downloaduploadmgr, plan1.3.4sp1, multiple-application, 1.3.4_sp1_initial, jira_voc_mok",MINGHUNG.TSAI 蔡明宏,High,1000,2024/6/14 上午 9:19,2024/7/30 下午 12:38,2025/6/9 上午 11:51
Issue,Rev1.3.4 SP1 DIADesigner,DIAStudio/DIADesigner,430721,Anomaly,[JIRA] (調適) 匯入示波器檔案後發現監控項目與曲線資料對不起來、全選啟用的UI會失效、有個紅色的線會消不掉,Critical,High,Closed,蔡弘晉,IA Internal-CoreTech,"sc_turnkey, need_analysis, plan1.3.4sp1, 1.3.4_sp1_initial, oscilloscope, jira_voc_mok",JOHNNY.MC.YEH 葉明勳,High,400,2024/6/5 下午 3:57,2024/7/26 下午 1:19,2025/6/9 上午 11:51
Issue,Unassigned,DIAStudio/DIADesigner,426228,Anomaly,[JIRA] (程式編輯) pou.Active 屬性不符預期,Critical,High,Closed,陳軍宇,IA Internal-CoreTech,"programming_poutype_prg, jira_voc_mok",Unassigned,High,240,2024/5/17 下午 5:27,2025/5/14 下午 6:55,2025/6/9 上午 11:51
Issue,Rev1.3.4 SP1 DIADesigner,DIAStudio/DIADesigner,426103,Anomaly,"[JIRA] (程式編輯) DIADesigner左側專案樹裡的""匯入""按鍵無法成功將CSV匯入",Minor,Medium,Closed,蔡弘晉,IA Internal-CoreTech,"sc_turnkey, need_analysis, plan1.3.4sp1, 1.3.4_sp1_initial, programming_glovar, jira_voc_mok",ORLANDO.LAN 藍順騰,Medium,120,2024/5/17 下午 1:42,2024/7/26 下午 12:38,2026/5/8 下午 6:39
Issue,Designer Rev1.14.0 Plan,DIAStudio/DIADesigner,425835,Anomaly,[JIRA] (程式編輯) [IABGVOC-189] Issue 425835 - 测试打断点时，出现报错提示：未将对象引用设置到对象的实例,Major,Medium,Review,蔡弘晉,IA Internal,"sc_turnkey, need_analysis, corner_sw_fwcheck, w3a, programming_debug, jira_voc_mok",LEANN.TING 丁寧,High,240,2024/5/16 下午 4:12,,2025/12/30 下午 6:33
Issue,Designer Rev1.15.0 Plan,DIAStudio/DIADesigner,416915,Anomaly,[JIRA](程式編輯) [IABGVOC-198] Issue 416915 - FB功能块，调整其内部变量引脚后顺序，已经建立过LD程序的引脚变量跟随异常,Major,Medium,Review,蔡弘晉,IA Internal-CoreTech,"programming_lang_st_edit, jira_voc_mok, issue2auto_todo",ELVIS.CT.CHANG 張錦宗,High,360,2024/4/11 下午 7:40,,2026/4/24 下午 9:25
Issue,Designer Rev1.14.0 Plan,DIAStudio/DIADesigner,416557,Anomaly,[JIRA] (線上斷線) [IABGVOC-197] Issue 416557 - 在线时拔掉电脑与W3A的网线，有时软件无提示，依旧显示在线,Major,Medium,Review,蔡弘晉,IA Internal-CoreTech,"sc_turnkey, need_analysis, plan1.3.6sp1, w3a, jira_voc_mok",STEWARD.LU 呂名峰,Medium,240,2024/4/10 下午 4:32,,2026/2/11 下午 2:02
Issue,Rev1.3.4 SP1 DIADesigner,DIAStudio/DIADesigner,415883,Anomaly,[JIRA] (程式編輯) 全域變數表裡有簡體中文時，匯出CSV會有亂碼，再匯入CSV會失敗,Critical,High,Closed,蔡弘晉,IA Internal-CoreTech,"sc_turnkey, need_analysis, plan1.3.4sp1, 1.3.4_sp1_initial, programming_glovar, jira_voc_mok",ORLANDO.LAN 藍順騰,High,600,2024/4/8 下午 4:19,2024/7/26 下午 1:39,2025/6/9 下午 1:48
Issue,Unassigned,DIAStudio/DIADesigner,412878,Anomaly,[JIRA] (程式編輯) FB變數改名後，LD內的FB接角沒跟著改,Critical,High,Closed,陳會杰,IA Internal-SC,"sc_turnkey, need_analysis, plan1.3.6sp1, corner_todo, programming_poutype_fb, jira_voc_sc",MINGHUNG.TSAI 蔡明宏,High,240,2024/3/26 上午 8:56,2025/3/18 下午 1:29,2025/7/3 上午 10:18
Issue,Designer Rev1.14.0 Sprint2,DIAStudio/DIADesigner,412810,Anomaly,[JIRA] (程式編輯) [IABGVOC-196] CORNER-3323 - ST语法中TO_TIME( )里边的变量不会显示监控数值,Major,Medium,Review,蔡弘晉,IA Internal,"sc_turnkey, plan1.3.6sp1, corner_sw_fwcheck, w3a, programming_lang_ld_monitor, jira_voc_mok, 1.14.0_initial",HARVEY.XIE 謝孟軒,High,240,2024/3/25 下午 5:24,,2026/4/20 下午 12:01
Issue,Rev1.3.4 SP1 DIADesigner,DIAStudio/DIADesigner,412771,Anomaly,[JIRA] (程式編輯) CORNER 框架下的 LD 不開放 Trigger 功能物件,Critical,High,Closed,蔡弘晉,IA Internal-CoreTech,"plan1.3.4sp1, 1.3.4_sp1_initial, programming_lang_ld_edit, jira_voc_mok",ELVIS.CT.CHANG 張錦宗,High,240,2024/3/25 下午 4:11,2024/7/19 上午 10:14,2025/6/9 上午 11:51
Issue,Rev1.3.3 SP1 DIADesigner,DIAStudio/DIADesigner,410336,Anomaly,[JIRA] (程式編輯) LD裡生成功能塊後不會帶DL_MC，導致無法跳轉到實例,Critical,High,Closed,蔡弘晉,IA Internal-CoreTech,"sc_turnkey, need_analysis, plan1.3.3sp1, programming_lang_ld, jira_voc_mok",KF.LIU 劉桂輔,High,600,2024/3/15 上午 9:21,2024/4/19 下午 1:04,2025/6/9 上午 11:51
Issue,Designer Rev1.14.0 Sprint2,DIAStudio/DIADesigner,410331,Anomaly,[JIRA](程式編輯) [IABGVOC-193] Issue 410331 - 热键：跳转到变量表，能否增加快捷键,Minor,Medium,Review,蔡弘晉,IA Internal-CoreTech,"sc_turnkey, corner_swcheck, programming_lang_st_edit, programming_lang_ld_edit, jira_voc_mok, 1.14.0_initial, issue2auto_todo",MIAO.CHEN 陳炫妙,Medium,120,2024/3/15 上午 9:13,,2026/4/24 下午 4:24
Issue,Designer Rev1.11.0 Sprint3,DIAStudio/DIADesigner,408063,Anomaly,[JIRA] (程式編輯) [IABGVOC-192] 功能块实例成数组类型的，在线时无法监控功能块内部运行状况，若实例化成单个功能块是可以监控的 - JIRA of Delta Electronics,Blocker,High,Closed,陳會杰,IA Internal-SC,"w3a, programming_poutype_fb, key_issue, plan1.11.0, jira_voc_sc, 1.11.0_initial, issue2auto_todo",STEWARD.LU 呂名峰,High,1000,2024/3/7 下午 2:14,2025/10/29 上午 9:07,2025/11/10 下午 4:56
Issue,Rev1.3.3 SP1 DIADesigner,DIAStudio/DIADesigner,407217,Anomaly,[JIRA] (運動控制) ECAT軸從站列表與程式碼在重新安裝軟體後消失,Critical,High,Closed,蔡弘晉,IA Internal-CoreTech,"sc_turnkey, need_analysis, plan1.3.3sp1, 1.3.3_sp1_initial, motion_axisset, jira_voc_mok",WILLIAM.HC.SHEN 沈桓慶,High,240,2024/3/5 下午 12:01,2024/4/18 上午 11:28,2025/6/9 上午 11:51
Issue,Unassigned,DIAStudio/DIADesigner,407209,Anomaly,[JIRA] (程式編輯) 撰寫ST有時無法顯示下標 (3/3),Major,Medium,Closed,陳會杰,IA Internal-SC,"sc_turnkey, need_analysis, corner_todo, programming_lang_st_edit, jira_voc_sc",KF.LIU 劉桂輔,Medium,48,2024/3/5 上午 11:56,2025/5/13 上午 10:56,2025/7/3 上午 10:20
Issue,Rev1.3.3 SP1 DIADesigner,DIAStudio/DIADesigner,407190,Anomaly,[JIRA] (程式編輯) 全域變數表裡無法刪除已在EtherCAT IO Mappimg已綁定的變數,Major,Medium,Closed,蔡弘晉,IA Internal-CoreTech,"sc_turnkey, need_analysis, plan1.3.3sp1, 1.3.3_sp1_initial, programming_glovar, jira_voc_mok",WILLIAM.HC.SHEN 沈桓慶,Medium,144,2024/3/5 上午 11:45,2024/4/18 上午 11:33,2025/6/9 下午 1:48
Issue,Designer Rev1.11.0 Sprint1,DIAStudio/DIADesigner,406240,Anomaly,[JIRA] (程式編輯) [IABGVOC-210] CORNER-3166 - 移除工作任務設定介面對於優先權的取消選擇的選項,Minor,Low,Closed,蔡弘晉,IA Internal-CoreTech,"sc_turnkey, corner_todo, programming_task, jira_voc_mok, 1.11.0_initial, issue2auto_todo",MINGHUNG.TSAI 蔡明宏,High,80,2024/3/1 下午 2:35,2025/7/23 上午 9:59,2026/5/11 上午 11:38
Issue,Rev1.3.3 SP1 DIADesigner,DIAStudio/DIADesigner,395165,Anomaly,[JIRA] (網路配置) 有關ECAT模組的ESI檔案需放到Designer安裝包一起安裝,Major,Medium,Closed,蔡弘晉,IA Internal-CoreTech,"sc_turnkey, plan1.3.2sp1, plan1.3.3sp1, rd_reviewed, 1.3.3_sp1_initial, devnetwork_ethercat, jira_voc_mok",WILLIAM.HC.SHEN 沈桓慶,High,240,2024/1/16 上午 10:33,2024/4/18 上午 11:27,2025/6/9 下午 1:48
Issue,Designer Rev1.13.0 Sprint2,DIAStudio/DIADesigner,392302,Anomaly,[JIRA] (運動控制) [IABGVOC-185] Issue 392302 - Axis Setting增加超過32軸跳出錯誤訊息,Major,Medium,Closed,蔡弘晉,IA Internal-CoreTech,"sc_turnkey, need_analysis, motion_axisset, jira_voc_mok, 1.13.0_initial, w3a, userstory_yes, testcase_done",JACKY.TU 杜寧,High,240,2024/1/4 下午 12:15,2026/3/17 下午 3:48,2026/4/21 下午 6:12
Issue,Rev1.3.1 SP1 DIADesigner,DIAStudio/DIADesigner,390137,Anomaly,[JIRA] (程式編輯) DIAScreen同步DIA tag後，導致編譯報錯,Major,Medium,Closed,蔡弘晉,IA Internal-CoreTech,"sc_turnkey, need_analysis, 1.3.1_sp1_initial, jira_voc_mok, programming_var_hmi",MINGHUNG.TSAI 蔡明宏,High,240,2023/12/26 下午 4:25,2024/1/19 下午 1:28,2026/5/8 下午 3:42
Issue,Rev1.3.1 SP1 DIADesigner,DIAStudio/DIADesigner,388761,Anomaly,[JIRA] (運動控制) W3A mi_axis & ecat_axis 地址重複導致內部軸與外部軸均無法運作,Critical,High,Closed,蔡弘晉,IA Internal-CoreTech,"sc_turnkey, plan1.3.1sp1, 1.3.1_sp1_initial, motion_axisset, jira_voc_mok",JEAN.LC.WANG 王儷臻,High,1000,2023/12/19 下午 4:22,2024/1/11 上午 10:22,2025/6/9 上午 11:51
Issue,Rev1.3.2 SP1 DIADesigner,DIAStudio/DIADesigner,388644,Anomaly,[JIRA] (程式編輯) DIAScreen選擇記憶體位址時顯示輸入失敗,Major,Medium,Closed,蔡弘晉,IA Internal-CoreTech,"sc_turnkey, need_analysis, plan1.3.0sp1, plan1.3.2sp1, 1.3.2_sp1_initial, jira_voc_mok, programming_var_hmi",MINGHUNG.TSAI 蔡明宏,Medium,240,2023/12/19 上午 10:51,2024/2/5 上午 11:23,2026/5/8 下午 3:33
Issue,Rev1.3.2 SP1 DIADesigner,DIAStudio/DIADesigner,388124,Anomaly,[JIRA] (運動控制) 軸配置的欄寬顯示是否可依據字串長度做預設配置,Minor,Medium,Closed,蔡弘晉,IA Internal-CoreTech,"sc_turnkey, plan1.3.2sp1, 1.3.2_sp1_initial, motion_axisset, jira_voc_mok",ELSA.FU 傅星諭,Medium,120,2023/12/15 下午 12:16,2024/3/5 下午 12:02,2025/6/9 下午 1:48
Issue,Rev1.3.1 SP1 DIADesigner,DIAStudio/DIADesigner,388123,Anomaly,[JIRA] (運動控制) 軸結構體數組.無法自動帶出數組下標，書寫起來不方便,Minor,Medium,Closed,蔡弘晉,IA Internal-CoreTech,"sc_turnkey, plan1.3.1sp1, 1.3.1_sp1_initial, motion_axisset, jira_voc_mok",KF.LIU 劉桂輔,Medium,120,2023/12/15 下午 12:11,2024/1/9 下午 6:25,2025/6/9 下午 1:48
Issue,Rev1.3.1 SP1 DIADesigner,DIAStudio/DIADesigner,386927,Anomaly,[JIRA] 本體軸選擇裝置連接，軸連接列表訊息顯示異常,Critical,High,Closed,蔡弘晉,IA Internal-CoreTech,"sc_turnkey, need_analysis, plan1.3.1sp1, 1.3.1_sp1_initial, jira_voc_mok",JEAN.LC.WANG 王儷臻,High,600,2023/12/11 下午 5:32,2024/1/10 下午 2:51,2025/6/9 上午 11:51
Issue,Designer Rev1.14.0 Plan,DIAStudio/DIADesigner,386302,Anomaly,[JIRA] (程式編輯) [IABGVOC-183] Issue 386302 - DIADesigner庫專案功能塊註解,Major,Low,In Progress,蔡弘晉,IA Internal-CoreTech,"sc_turnkey, corner_todo, librarymanager, jira_voc_mok, 1.10.0_add",LUCIAN.LS.OUYANG 歐陽龍祥,Low,120,2023/12/8 上午 10:32,,2026/2/11 下午 2:02
Issue,Rev1.3.1 SP1 DIADesigner,DIAStudio/DIADesigner,384201,Anomaly,[JIRA] (網路配置) PDO映射的畫面的設定值，與eni產生結果不符,Major,Medium,Closed,蔡弘晉,IA Internal-CoreTech,"sc_turnkey, need_analysis, plan1.3.1sp1, 1.3.1_sp1_initial, devnetwork_ethercat, jira_voc_mok",WILLIAM.HC.SHEN 沈桓慶,Medium,120,2023/11/29 下午 5:36,2024/1/10 下午 1:23,2026/5/8 下午 3:43
Issue,Rev1.3.1 SP1 DIADesigner,DIAStudio/DIADesigner,384025,Anomaly,[JIRA] (運動控制) 修改軸名稱只連動改 POU中的變數，沒有連動示波器的,Minor,Low,Closed,蔡弘晉,IA Internal-CoreTech,"sc_turnkey, need_analysis, motion_axisset, jira_voc_mok",JOHNNY.MC.YEH 葉明勳,Low,80,2023/11/29 下午 1:46,2024/1/9 上午 11:32,2025/6/9 下午 1:48
Issue,Designer Rev1.13.0 Sprint1,DIAStudio/DIADesigner,383486,Anomaly,[JIRA] (調適) [IABGVOC-177] Issue 383486 - 在online monitor table加入很長的array的內容時會造成SW卡住,Major,High,Verification,蔡弘晉,IA Internal-CoreTech,"sc_turnkey, need_analysis, corner_todo, programming_monitable, jira_voc_mok, 1.12.0_initial, escape, userstory_yes, efficacy, autotest_detect, testcase_done, 1.13.0_initial, w3a, need_branch",LUCIAN.LS.OUYANG 歐陽龍祥,Low,80,2023/11/27 上午 10:53,,2026/5/12 下午 4:17
Issue,Rev1.3.2 SP1 DIADesigner,DIAStudio/DIADesigner,383484,Anomaly,[JIRA] (程式編輯) 放寬變數宣告的陣列範圍至 -32768 ~ 32767 之間,Critical,Medium,Closed,蔡弘晉,IA Internal-CoreTech,"sc_turnkey, need_analysis, plan1.3.2sp1, 1.3.2_sp1_initial, programming_glovar, jira_voc_mok",ORLANDO.LAN 藍順騰,Medium,240,2023/11/27 上午 10:51,2024/2/1 下午 5:16,2025/6/9 上午 11:52
Issue,Rev1.3.1 SP1 DIADesigner,DIAStudio/DIADesigner,382711,Anomaly,[JIRA] (硬體配置) 在Designer上，對R1-EC5621D0的PDO映射還原預設，再重新勾選PDO映射組別，IO映射列表產生重複物件的情況,Minor,Low,Closed,蔡弘晉,IA Internal-CoreTech,"sc_turnkey, need_analysis, plan1.3.1sp1, 1.3.1_sp1_initial, devhardware_layout_moduletable_iomap, jira_voc_mok",WILLIAM.HC.SHEN 沈桓慶,Low,48,2023/11/22 下午 5:24,2024/1/17 上午 10:01,2025/6/9 下午 1:48
Issue,Rev1.3.2 SP1 DIADesigner,DIAStudio/DIADesigner,382392,Anomaly,[JIRA] (專案管理) DIADesinger線上時會跳出異常視窗,Critical,High,Closed,蔡弘晉,IA Internal,"sc_turnkey, need_analysis, diadesigner-sp1, plan1.3.2sp1, 1.3.2_sp1_initial, downloaduploadmgr, jira_voc_mok",WILLIAM.HC.SHEN 沈桓慶,High,600,2023/11/21 下午 5:16,2024/2/2 下午 4:12,2025/6/9 上午 11:52
Issue,Unassigned,DIAStudio/DIADesigner,382124,Anomaly,[JIRA] (程式編輯) 全域變數中新增變量，出現錯誤提示(索引必須位於該清單的界限內),Minor,Low,Closed,蔡弘晉,IA Internal-CoreTech,"sc_turnkey, need_analysis, need_close, corner_todo, programming_glovar, jira_voc_mok",ORLANDO.LAN 藍順騰,Low,80,2023/11/20 下午 5:57,2025/5/13 下午 1:22,2025/6/9 下午 1:48
Issue,Rev1.3.2 SP1 DIADesigner,DIAStudio/DIADesigner,379756,Anomaly,[JIRA] (調適) 全域/區域變數用右鍵快捷加入示波器進行監控,Minor,Low,Closed,蔡弘晉,IA Internal-CoreTech,"sc_turnkey, need_analysis, plan1.3.2sp1, 1.3.2_sp1_initial, programming_glovar, oscilloscope, jira_voc_mok",KF.LIU 劉桂輔,Low,80,2023/11/9 下午 4:18,2024/3/6 下午 3:34,2025/6/9 上午 11:52
Issue,Unassigned,DIAStudio/DIADesigner,379671,Anomaly,"[JIRA] (調適) 示波器監控中的""最合適大小""導致波形顯示失真",Critical,High,Closed,蔡弘晉,IA Internal,"sc_turnkey, need_analysis, oscilloscope, jira_voc_mok",Unassigned,High,600,2023/11/9 下午 2:10,2023/12/5 下午 4:13,2025/6/9 上午 11:52
Issue,Rev1.3.2 SP1 DIADesigner,DIAStudio/DIADesigner,379658,Anomaly,[JIRA] (硬體配置) 軟體按完連線後會自動斷線，等有其他操作行為出現又會反覆連線斷線,Major,Medium,Closed,蔡弘晉,IA Internal-CoreTech,"sc_turnkey, need_analysis, plan1.3.2sp1, 1.3.2_sp1_initial, communication_setting, jira_voc_mok",XAVIERA.FAN 范珮欣,Medium,120,2023/11/9 下午 1:39,2024/3/18 下午 3:59,2026/5/8 下午 4:50
Issue,Designer Rev1.13.0 Sprint2,DIAStudio/DIADesigner,379632,Anomaly,[JIRA] (程式編輯) [IABGVOC-176] Issue 379632 - 讀取參數的設置值有些記憶上次輸入值，有些不記憶,Major,Medium,Closed,蔡弘晉,IA Internal-CoreTech,"sc_turnkey, need_analysis, w3a, programming_lang_ld_monitor, jira_voc_mok, te_track, userstory_yes, testcase_done",JASON.JY.LIN 林峻宇,Medium,96,2023/11/9 上午 11:46,2026/3/27 上午 10:34,2026/5/8 下午 5:52
Issue,Rev1.9.0 SP4 DIADesigner,DIAStudio/DIADesigner,379629,Anomaly,[JIRA] (專案管理) 複製專案修改新的名稱之後，打開顯示的為舊名稱,Minor,Medium,Closed,蔡弘晉,IA Internal,"sc_turnkey, need_analysis, jira_voc_mok",Unassigned,Low,120,2023/11/9 上午 11:39,2023/12/5 下午 4:09,2026/5/11 下午 12:07
Issue,Designer Rev1.12.0 Sprint3,DIAStudio/DIADesigner,379494,Anomaly,[JIRA] (運動控制) [IABGVOC-174] Issue 379494 - ECAT無法把多餘的軸禁用，無法右鍵更新變選擇其他系列,Critical,High,Closed,陳會杰,IA Internal-SC,"sc_turnkey, need_analysis, motion_axisset, jira_voc_sc, te_checked, plan1.11.0, 1.11.0_initial, issue2auto_manual, w3a, userstory_yes",WILLIAM.HC.SHEN 沈桓慶,Low,120,2023/11/8 下午 5:56,2026/1/22 下午 3:26,2026/4/21 下午 6:16
Issue,Rev1.9.0 SP4 DIADesigner,DIAStudio/DIADesigner,375900,Anomaly,[JIRA] (程式編輯) 使用数组时出现软件崩溃现象,Critical,High,Closed,蔡弘晉,IA Internal,"sc_turnkey, 1.3.0_sp1_add, need_analysis, corner_todo, programming_lang, jira_voc_mok",MINGHUNG.TSAI 蔡明宏,Medium,96,2023/10/26 下午 9:01,2025/6/19 下午 5:59,2026/5/11 下午 12:06
Issue,Rev1.3.2 SP1 DIADesigner,DIAStudio/DIADesigner,375897,Anomaly,[JIRA] (程式編輯) 轴结构体下.Status无法自动索引出来,Major,Medium,Closed,蔡弘晉,IA Internal,"sc_turnkey, 1.3.0_sp1_add, need_analysis, plan1.3.2sp1, 1.3.2_sp1_initial, programming_lang, jira_voc_mok",KF.LIU 劉桂輔,Low,240,2023/10/26 下午 8:56,2024/2/5 下午 1:37,2025/6/9 上午 11:52
Issue,Rev1.3.2 SP1 DIADesigner,DIAStudio/DIADesigner,375896,Anomaly,[JIRA] (程式編輯) 新建W3A專案後部份lib分類到UserDefinedLib，重開後又被分類DeltaLib,Minor,Low,Closed,蔡弘晉,IA Internal-CoreTech,"sc_turnkey, 1.3.0_sp1_add, need_analysis, plan1.3.2sp1, 1.3.2_sp1_initial, librarymanager, jira_voc_mok",MINGHUNG.TSAI 蔡明宏,High,80,2023/10/26 下午 8:55,2024/2/1 下午 1:14,2025/6/9 下午 1:09
Issue,Rev1.3.2 SP1 DIADesigner,DIAStudio/DIADesigner,375895,Anomaly,[JIRA] (程式編輯) POU中建立新功能块时，有部分指令库里面有，但是无法被选择到,Major,Medium,Closed,蔡弘晉,IA Internal,"sc_turnkey, 1.3.0_sp1_add, need_analysis, plan1.3.2sp1, 1.3.2_sp1_initial, programming_poutype, jira_voc_mok",PINGCHIN.WANG 王昞清,High,240,2023/10/26 下午 8:51,2024/3/6 下午 1:24,2025/6/9 上午 11:52
Issue,Rev1.3.2 SP1 DIADesigner,DIAStudio/DIADesigner,375894,Anomaly,[JIRA] (運動控制) 轴设置中参数设置弹出报错弹窗,Blocker,High,Closed,蔡弘晉,IA Internal,"sc_turnkey, 1.3.0_sp1_add, plan1.3.2sp1, 1.3.2_sp1_initial, motion_axisset, jira_voc_mok",ELSA.FU 傅星諭,High,1000,2023/10/26 下午 8:43,2024/2/1 下午 2:50,2025/6/9 上午 11:52
Issue,Rev1.3.1 SP1 DIADesigner,DIAStudio/DIADesigner,375893,Anomaly,[JIRA] (網路配置) 添加的设备(E3) XML文档没了,Critical,High,Closed,蔡弘晉,IA Internal-CoreTech,"sc_turnkey, 1.3.0_sp1_add, need_analysis, plan1.3.1sp1, 1.3.1_sp1_initial, devnetwork_ethercat, jira_voc_mok",WILLIAM.HC.SHEN 沈桓慶,High,240,2023/10/26 下午 8:38,2024/1/9 上午 10:39,2025/6/9 下午 1:08
Issue,Designer Rev1.9.0 SP4 Sprint1,DIAStudio/DIADesigner,375891,Anomaly,[JIRA] (運動控制) 有關專案內容修改會需要再次編譯的部份，online的時候應該都要變成唯讀,Major,Medium,Closed,蔡弘晉,IA Internal,"sc_turnkey, 1.3.0_sp1_add, motion_axisset, jira_voc_mok",JEAN.LC.WANG 王儷臻,Medium,144,2023/10/26 下午 8:15,2025/2/18 下午 2:00,2025/6/9 下午 1:07
Issue,Rev1.3.2 SP1 DIADesigner,DIAStudio/DIADesigner,375868,Anomaly,[JIRA] (網路配置) ECAT Master裝置名稱不太正確,Minor,Remote,Closed,蔡弘晉,IA Internal-CoreTech,"sc_turnkey, 1.3.0_sp1_add, need_analysis, plan1.3.2sp1, 1.3.2_sp1_initial, devnetwork_ethercat, jira_voc_mok",JEAN.LC.WANG 王儷臻,Low,24,2023/10/26 下午 5:22,2024/2/1 下午 2:13,2026/5/8 下午 3:40
Issue,Rev1.3.2 SP1 DIADesigner,DIAStudio/DIADesigner,375860,Anomaly,"[JIRA] DIA Designer的裝置庫功能 - ""匯入資料夾內所有檔案"" 無法正常使用",Critical,Medium,Closed,蔡弘晉,IA Internal-CoreTech,"sc_turnkey, 1.3.0_sp1_add, need_analysis, plan1.3.2sp1, 1.3.2_sp1_initial, jira_voc_mok",JEAN.LC.WANG 王儷臻,High,216,2023/10/26 下午 5:04,2024/2/29 上午 11:50,2025/6/9 下午 1:46
Issue,Rev1.3.0 SP1 DIADesigner,DIAStudio/DIADesigner,375851,Anomaly,[JIRA] (調適) 示波器監視參數 Axis.Error的資料型別錯誤,Critical,High,Closed,蔡弘晉,IA Internal-CoreTech,"sc_turnkey, 1.3.0_sp1_add, need_analysis, 1.3.0_sp1_initial, oscilloscope, jira_voc_mok",JOHNNY.MC.YEH 葉明勳,High,360,2023/10/26 下午 4:34,2024/1/19 下午 5:30,2025/6/9 下午 1:46
Issue,Designer Rev1.9.0 SP4 Sprint1,DIAStudio/DIADesigner,326011,Anomaly,[JIRA] (模組編輯) [IABGVOC-436] W3A搭配R1-C模块，IO模块无法切到OpMode,Minor,Low,Closed,潘誠,IA Internal-SC,"devhardware_layout_moduletable_iomap, jira_voc_sc",WILLIAM.HC.SHEN 沈桓慶,Medium,16,2023/3/9 上午 9:23,2025/3/17 下午 2:00,2026/1/15 上午 10:07
